-- ================================================================
-- Albion Online Crafting Calculator — Final Clean Import
-- * Tier prefixes stripped  (T4_, T5_ … removed)
-- * Enchantment suffixes stripped  (@1 @2 @3 @4 removed)
-- * LEVEL suffixes stripped  (PLANKS_LEVEL1 → PLANKS)
-- * Runes / Souls / Relics excluded (handled by UI dynamically)
-- * One row per unique base ID — fully deduplicated
-- Materials : 164
-- Items     : 292
-- Recipes   : 613
-- ================================================================

SET NAMES utf8mb4;
SET FOREIGN_KEY_CHECKS = 0;

-- ================================================================
-- 1. MATERIALS
-- ================================================================

INSERT INTO `materials` (`id`, `name`, `type`, `image_url`) VALUES
  ('ARMOR_CLOTH_SET1', 'Adept\'s Scholar Robe', 'resource', 'https://render.albiononline.com/v1/item/T4_ARMOR_CLOTH_SET1.png'),
  ('ARMOR_LEATHER_SET1', 'Adept\'s Mercenary Jacket', 'refined_leather', 'https://render.albiononline.com/v1/item/T4_ARMOR_LEATHER_SET1.png'),
  ('ARMOR_PLATE_SET1', 'Adept\'s Soldier Armor', 'resource', 'https://render.albiononline.com/v1/item/T4_ARMOR_PLATE_SET1.png'),
  ('ARTEFACT_2H_ARCANESTAFF_CRYSTAL', 'Adept\'s Startouched Crystal', 'artifact', 'https://render.albiononline.com/v1/item/T4_ARTEFACT_2H_ARCANESTAFF_CRYSTAL.png'),
  ('ARTEFACT_2H_ARCANESTAFF_HELL', 'Adept\'s Occult Orb', 'artifact', 'https://render.albiononline.com/v1/item/T4_ARTEFACT_2H_ARCANESTAFF_HELL.png'),
  ('ARTEFACT_2H_ARCANE_RINGPAIR_AVALON', 'Adept\'s Hypnotic Harmonic Ring', 'artifact', 'https://render.albiononline.com/v1/item/T4_ARTEFACT_2H_ARCANE_RINGPAIR_AVALON.png'),
  ('ARTEFACT_2H_AXE_AVALON', 'Adept\'s Avalonian Battle Memoir', 'artifact', 'https://render.albiononline.com/v1/item/T4_ARTEFACT_2H_AXE_AVALON.png'),
  ('ARTEFACT_2H_BOW_AVALON', 'Adept\'s Immaculately Crafted Riser', 'artifact', 'https://render.albiononline.com/v1/item/T4_ARTEFACT_2H_BOW_AVALON.png'),
  ('ARTEFACT_2H_BOW_CRYSTAL', 'Adept\'s Windborne Crystal', 'artifact', 'https://render.albiononline.com/v1/item/T4_ARTEFACT_2H_BOW_CRYSTAL.png'),
  ('ARTEFACT_2H_BOW_HELL', 'Adept\'s Demonic Arrowheads', 'artifact', 'https://render.albiononline.com/v1/item/T4_ARTEFACT_2H_BOW_HELL.png'),
  ('ARTEFACT_2H_BOW_KEEPER', 'Adept\'s Carved Bone', 'artifact', 'https://render.albiononline.com/v1/item/T4_ARTEFACT_2H_BOW_KEEPER.png'),
  ('ARTEFACT_2H_CLAYMORE_AVALON', 'Adept\'s Remnants of the Old King', 'artifact', 'https://render.albiononline.com/v1/item/T4_ARTEFACT_2H_CLAYMORE_AVALON.png'),
  ('ARTEFACT_2H_CLEAVER_HELL', 'Adept\'s Demonic Blade', 'artifact', 'https://render.albiononline.com/v1/item/T4_ARTEFACT_2H_CLEAVER_HELL.png'),
  ('ARTEFACT_2H_COMBATSTAFF_MORGANA', 'Adept\'s Reinforced Morgana Pole', 'artifact', 'https://render.albiononline.com/v1/item/T4_ARTEFACT_2H_COMBATSTAFF_MORGANA.png'),
  ('ARTEFACT_2H_CROSSBOWLARGE_MORGANA', 'Adept\'s Alluring Bolts', 'artifact', 'https://render.albiononline.com/v1/item/T4_ARTEFACT_2H_CROSSBOWLARGE_MORGANA.png'),
  ('ARTEFACT_2H_CROSSBOW_CANNON_AVALON', 'Adept\'s Humming Avalonian Whirligig', 'artifact', 'https://render.albiononline.com/v1/item/T4_ARTEFACT_2H_CROSSBOW_CANNON_AVALON.png'),
  ('ARTEFACT_2H_CURSEDSTAFF_MORGANA', 'Adept\'s Bloodforged Catalyst', 'artifact', 'https://render.albiononline.com/v1/item/T4_ARTEFACT_2H_CURSEDSTAFF_MORGANA.png'),
  ('ARTEFACT_2H_DAGGERPAIR_CRYSTAL', 'Adept\'s Death-Touched Crystal', 'artifact', 'https://render.albiononline.com/v1/item/T4_ARTEFACT_2H_DAGGERPAIR_CRYSTAL.png'),
  ('ARTEFACT_2H_DAGGER_KATAR_AVALON', 'Adept\'s Bloodstained Antiquities', 'artifact', 'https://render.albiononline.com/v1/item/T4_ARTEFACT_2H_DAGGER_KATAR_AVALON.png'),
  ('ARTEFACT_2H_DOUBLEBLADEDSTAFF_CRYSTAL', 'Adept\'s Mirage Crystal', 'artifact', 'https://render.albiononline.com/v1/item/T4_ARTEFACT_2H_DOUBLEBLADEDSTAFF_CRYSTAL.png'),
  ('ARTEFACT_2H_DUALAXE_KEEPER', 'Adept\'s Keeper Axeheads', 'artifact', 'https://render.albiononline.com/v1/item/T4_ARTEFACT_2H_DUALAXE_KEEPER.png'),
  ('ARTEFACT_2H_DUALCROSSBOW_CRYSTAL', 'Adept\'s Arclight Crystal', 'artifact', 'https://render.albiononline.com/v1/item/T4_ARTEFACT_2H_DUALCROSSBOW_CRYSTAL.png'),
  ('ARTEFACT_2H_DUALCROSSBOW_HELL', 'Adept\'s Hellish Bolts', 'artifact', 'https://render.albiononline.com/v1/item/T4_ARTEFACT_2H_DUALCROSSBOW_HELL.png'),
  ('ARTEFACT_2H_DUALHAMMER_HELL', 'Adept\'s Hellish Hammer Heads', 'artifact', 'https://render.albiononline.com/v1/item/T4_ARTEFACT_2H_DUALHAMMER_HELL.png'),
  ('ARTEFACT_2H_DUALMACE_AVALON', 'Adept\'s Broken Oaths', 'artifact', 'https://render.albiononline.com/v1/item/T4_ARTEFACT_2H_DUALMACE_AVALON.png'),
  ('ARTEFACT_2H_DUALSCIMITAR_UNDEAD', 'Adept\'s Cursed Blades', 'artifact', 'https://render.albiononline.com/v1/item/T4_ARTEFACT_2H_DUALSCIMITAR_UNDEAD.png'),
  ('ARTEFACT_2H_DUALSICKLE_UNDEAD', 'Adept\'s Ghastly Blades', 'artifact', 'https://render.albiononline.com/v1/item/T4_ARTEFACT_2H_DUALSICKLE_UNDEAD.png'),
  ('ARTEFACT_2H_ENIGMATICORB_MORGANA', 'Adept\'s Possessed Catalyst', 'artifact', 'https://render.albiononline.com/v1/item/T4_ARTEFACT_2H_ENIGMATICORB_MORGANA.png'),
  ('ARTEFACT_2H_FIRESTAFF_HELL', 'Adept\'s Burning Orb', 'artifact', 'https://render.albiononline.com/v1/item/T4_ARTEFACT_2H_FIRESTAFF_HELL.png'),
  ('ARTEFACT_2H_FIRE_RINGPAIR_AVALON', 'Adept\'s Glowing Harmonic Ring', 'artifact', 'https://render.albiononline.com/v1/item/T4_ARTEFACT_2H_FIRE_RINGPAIR_AVALON.png'),
  ('ARTEFACT_2H_FROSTSTAFF_CRYSTAL', 'Adept\'s Icy Crystal', 'artifact', 'https://render.albiononline.com/v1/item/T4_ARTEFACT_2H_FROSTSTAFF_CRYSTAL.png'),
  ('ARTEFACT_2H_GLAIVE_CRYSTAL', 'Adept\'s Rift Crystal', 'artifact', 'https://render.albiononline.com/v1/item/T4_ARTEFACT_2H_GLAIVE_CRYSTAL.png'),
  ('ARTEFACT_2H_HALBERD_MORGANA', 'Adept\'s Morgana Halberd Head', 'artifact', 'https://render.albiononline.com/v1/item/T4_ARTEFACT_2H_HALBERD_MORGANA.png'),
  ('ARTEFACT_2H_HAMMER_AVALON', 'Adept\'s Massive Metallic Hand', 'artifact', 'https://render.albiononline.com/v1/item/T4_ARTEFACT_2H_HAMMER_AVALON.png'),
  ('ARTEFACT_2H_HAMMER_CRYSTAL', 'Adept\'s Crackling Crystal', 'artifact', 'https://render.albiononline.com/v1/item/T4_ARTEFACT_2H_HAMMER_CRYSTAL.png'),
  ('ARTEFACT_2H_HAMMER_UNDEAD', 'Adept\'s Ancient Hammer Head', 'artifact', 'https://render.albiononline.com/v1/item/T4_ARTEFACT_2H_HAMMER_UNDEAD.png'),
  ('ARTEFACT_2H_HARPOON_HELL', 'Adept\'s Infernal Harpoon Tip', 'artifact', 'https://render.albiononline.com/v1/item/T4_ARTEFACT_2H_HARPOON_HELL.png'),
  ('ARTEFACT_2H_HOLYSTAFF_CRYSTAL', 'Adept\'s Exalted Crystal', 'artifact', 'https://render.albiononline.com/v1/item/T4_ARTEFACT_2H_HOLYSTAFF_CRYSTAL.png'),
  ('ARTEFACT_2H_HOLYSTAFF_HELL', 'Adept\'s Infernal Scroll', 'artifact', 'https://render.albiononline.com/v1/item/T4_ARTEFACT_2H_HOLYSTAFF_HELL.png'),
  ('ARTEFACT_2H_HOLYSTAFF_UNDEAD', 'Adept\'s Ghastly Scroll', 'artifact', 'https://render.albiononline.com/v1/item/T4_ARTEFACT_2H_HOLYSTAFF_UNDEAD.png'),
  ('ARTEFACT_2H_ICECRYSTAL_UNDEAD', 'Adept\'s Cursed Frozen Crystal', 'artifact', 'https://render.albiononline.com/v1/item/T4_ARTEFACT_2H_ICECRYSTAL_UNDEAD.png'),
  ('ARTEFACT_2H_ICEGAUNTLETS_HELL', 'Adept\'s Icicle Orb', 'artifact', 'https://render.albiononline.com/v1/item/T4_ARTEFACT_2H_ICEGAUNTLETS_HELL.png'),
  ('ARTEFACT_2H_INFERNOSTAFF_MORGANA', 'Adept\'s Unholy Scroll', 'artifact', 'https://render.albiononline.com/v1/item/T4_ARTEFACT_2H_INFERNOSTAFF_MORGANA.png'),
  ('ARTEFACT_2H_IRONGAUNTLETS_HELL', 'Adept\'s Black Leather', 'artifact', 'https://render.albiononline.com/v1/item/T4_ARTEFACT_2H_IRONGAUNTLETS_HELL.png'),
  ('ARTEFACT_2H_KNUCKLES_AVALON', 'Adept\'s Damaged Avalonian Gauntlet', 'artifact', 'https://render.albiononline.com/v1/item/T4_ARTEFACT_2H_KNUCKLES_AVALON.png'),
  ('ARTEFACT_2H_KNUCKLES_CRYSTAL', 'Adept\'s Pulsating Crystal', 'artifact', 'https://render.albiononline.com/v1/item/T4_ARTEFACT_2H_KNUCKLES_CRYSTAL.png'),
  ('ARTEFACT_2H_KNUCKLES_HELL', 'Adept\'s Severed Demonic Horns', 'artifact', 'https://render.albiononline.com/v1/item/T4_ARTEFACT_2H_KNUCKLES_HELL.png'),
  ('ARTEFACT_2H_KNUCKLES_KEEPER', 'Adept\'s Ursine Guardian Remains', 'artifact', 'https://render.albiononline.com/v1/item/T4_ARTEFACT_2H_KNUCKLES_KEEPER.png'),
  ('ARTEFACT_2H_KNUCKLES_MORGANA', 'Adept\'s Warped Raven Plate', 'artifact', 'https://render.albiononline.com/v1/item/T4_ARTEFACT_2H_KNUCKLES_MORGANA.png'),
  ('ARTEFACT_2H_LONGBOW_UNDEAD', 'Adept\'s Ghastly Arrows', 'artifact', 'https://render.albiononline.com/v1/item/T4_ARTEFACT_2H_LONGBOW_UNDEAD.png'),
  ('ARTEFACT_2H_MACE_MORGANA', 'Adept\'s Imbued Mace Head', 'artifact', 'https://render.albiononline.com/v1/item/T4_ARTEFACT_2H_MACE_MORGANA.png'),
  ('ARTEFACT_2H_NATURESTAFF_HELL', 'Adept\'s Symbol of Blight', 'artifact', 'https://render.albiononline.com/v1/item/T4_ARTEFACT_2H_NATURESTAFF_HELL.png'),
  ('ARTEFACT_2H_NATURESTAFF_KEEPER', 'Adept\'s Preserved Log', 'artifact', 'https://render.albiononline.com/v1/item/T4_ARTEFACT_2H_NATURESTAFF_KEEPER.png'),
  ('ARTEFACT_2H_QUARTERSTAFF_AVALON', 'Adept\'s Timeworn Walking Staff', 'artifact', 'https://render.albiononline.com/v1/item/T4_ARTEFACT_2H_QUARTERSTAFF_AVALON.png'),
  ('ARTEFACT_2H_RAM_KEEPER', 'Adept\'s Engraved Log', 'artifact', 'https://render.albiononline.com/v1/item/T4_ARTEFACT_2H_RAM_KEEPER.png'),
  ('ARTEFACT_2H_REPEATINGCROSSBOW_UNDEAD', 'Adept\'s Lost Crossbow Mechanism', 'artifact', 'https://render.albiononline.com/v1/item/T4_ARTEFACT_2H_REPEATINGCROSSBOW_UNDEAD.png'),
  ('ARTEFACT_2H_ROCKSTAFF_KEEPER', 'Adept\'s Preserved Rocks', 'artifact', 'https://render.albiononline.com/v1/item/T4_ARTEFACT_2H_ROCKSTAFF_KEEPER.png'),
  ('ARTEFACT_2H_SCYTHE_CRYSTAL', 'Adept\'s Edged Crystal', 'artifact', 'https://render.albiononline.com/v1/item/T4_ARTEFACT_2H_SCYTHE_CRYSTAL.png'),
  ('ARTEFACT_2H_SCYTHE_HELL', 'Adept\'s Hellish Sicklehead', 'artifact', 'https://render.albiononline.com/v1/item/T4_ARTEFACT_2H_SCYTHE_HELL.png'),
  ('ARTEFACT_2H_SKULLORB_HELL', 'Adept\'s Cursed Jawbone', 'artifact', 'https://render.albiononline.com/v1/item/T4_ARTEFACT_2H_SKULLORB_HELL.png'),
  ('ARTEFACT_2H_TRIDENT_UNDEAD', 'Adept\'s Cursed Barbs', 'artifact', 'https://render.albiononline.com/v1/item/T4_ARTEFACT_2H_TRIDENT_UNDEAD.png'),
  ('ARTEFACT_2H_TWINSCYTHE_HELL', 'Adept\'s Hellish Sicklehead Pair', 'artifact', 'https://render.albiononline.com/v1/item/T4_ARTEFACT_2H_TWINSCYTHE_HELL.png'),
  ('ARTEFACT_ARMOR_CLOTH_AVALON', 'Adept\'s Sanctified Belt', 'artifact', 'https://render.albiononline.com/v1/item/T4_ARTEFACT_ARMOR_CLOTH_AVALON.png'),
  ('ARTEFACT_ARMOR_CLOTH_FEY', 'Adept\'s Fey Dorsal Wing', 'artifact', 'https://render.albiononline.com/v1/item/T4_ARTEFACT_ARMOR_CLOTH_FEY.png'),
  ('ARTEFACT_ARMOR_CLOTH_HELL', 'Adept\'s Infernal Cloth Folds', 'artifact', 'https://render.albiononline.com/v1/item/T4_ARTEFACT_ARMOR_CLOTH_HELL.png'),
  ('ARTEFACT_ARMOR_CLOTH_KEEPER', 'Adept\'s Druidic Feathers', 'artifact', 'https://render.albiononline.com/v1/item/T4_ARTEFACT_ARMOR_CLOTH_KEEPER.png'),
  ('ARTEFACT_ARMOR_CLOTH_MORGANA', 'Adept\'s Alluring Amulet', 'artifact', 'https://render.albiononline.com/v1/item/T4_ARTEFACT_ARMOR_CLOTH_MORGANA.png'),
  ('ARTEFACT_ARMOR_LEATHER_AVALON', 'Adept\'s Augured Sash', 'artifact', 'https://render.albiononline.com/v1/item/T4_ARTEFACT_ARMOR_LEATHER_AVALON.png'),
  ('ARTEFACT_ARMOR_LEATHER_FEY', 'Adept\'s Untarnished Griffin Feathers', 'artifact', 'https://render.albiononline.com/v1/item/T4_ARTEFACT_ARMOR_LEATHER_FEY.png'),
  ('ARTEFACT_ARMOR_LEATHER_HELL', 'Adept\'s Demonhide Leather', 'artifact', 'https://render.albiononline.com/v1/item/T4_ARTEFACT_ARMOR_LEATHER_HELL.png'),
  ('ARTEFACT_ARMOR_LEATHER_MORGANA', 'Adept\'s Imbued Leather Folds', 'artifact', 'https://render.albiononline.com/v1/item/T4_ARTEFACT_ARMOR_LEATHER_MORGANA.png'),
  ('ARTEFACT_ARMOR_LEATHER_UNDEAD', 'Adept\'s Ghastly Leather', 'artifact', 'https://render.albiononline.com/v1/item/T4_ARTEFACT_ARMOR_LEATHER_UNDEAD.png'),
  ('ARTEFACT_ARMOR_PLATE_AVALON', 'Adept\'s Exalted Plating', 'artifact', 'https://render.albiononline.com/v1/item/T4_ARTEFACT_ARMOR_PLATE_AVALON.png'),
  ('ARTEFACT_ARMOR_PLATE_FEY', 'Adept\'s Veilweaver Carapace', 'artifact', 'https://render.albiononline.com/v1/item/T4_ARTEFACT_ARMOR_PLATE_FEY.png'),
  ('ARTEFACT_ARMOR_PLATE_HELL', 'Adept\'s Demonic Plates', 'artifact', 'https://render.albiononline.com/v1/item/T4_ARTEFACT_ARMOR_PLATE_HELL.png'),
  ('ARTEFACT_ARMOR_PLATE_KEEPER', 'Adept\'s Preserved Animal Fur', 'artifact', 'https://render.albiononline.com/v1/item/T4_ARTEFACT_ARMOR_PLATE_KEEPER.png'),
  ('ARTEFACT_ARMOR_PLATE_UNDEAD', 'Adept\'s Ancient Chain Rings', 'artifact', 'https://render.albiononline.com/v1/item/T4_ARTEFACT_ARMOR_PLATE_UNDEAD.png'),
  ('ARTEFACT_HEAD_CLOTH_AVALON', 'Adept\'s Sanctified Mask', 'artifact', 'https://render.albiononline.com/v1/item/T4_ARTEFACT_HEAD_CLOTH_AVALON.png'),
  ('ARTEFACT_HEAD_CLOTH_FEY', 'Adept\'s Intact Fey Fibula', 'artifact', 'https://render.albiononline.com/v1/item/T4_ARTEFACT_HEAD_CLOTH_FEY.png'),
  ('ARTEFACT_HEAD_CLOTH_HELL', 'Adept\'s Infernal Cloth Visor', 'artifact', 'https://render.albiononline.com/v1/item/T4_ARTEFACT_HEAD_CLOTH_HELL.png'),
  ('ARTEFACT_HEAD_CLOTH_KEEPER', 'Adept\'s Druidic Preserved Beak', 'artifact', 'https://render.albiononline.com/v1/item/T4_ARTEFACT_HEAD_CLOTH_KEEPER.png'),
  ('ARTEFACT_HEAD_CLOTH_MORGANA', 'Adept\'s Alluring Padding', 'artifact', 'https://render.albiononline.com/v1/item/T4_ARTEFACT_HEAD_CLOTH_MORGANA.png'),
  ('ARTEFACT_HEAD_LEATHER_AVALON', 'Adept\'s Augured Padding', 'artifact', 'https://render.albiononline.com/v1/item/T4_ARTEFACT_HEAD_LEATHER_AVALON.png'),
  ('ARTEFACT_HEAD_LEATHER_FEY', 'Adept\'s Flawless Griffin Beak', 'artifact', 'https://render.albiononline.com/v1/item/T4_ARTEFACT_HEAD_LEATHER_FEY.png'),
  ('ARTEFACT_HEAD_LEATHER_HELL', 'Adept\'s Demonhide Padding', 'artifact', 'https://render.albiononline.com/v1/item/T4_ARTEFACT_HEAD_LEATHER_HELL.png'),
  ('ARTEFACT_HEAD_LEATHER_MORGANA', 'Adept\'s Imbued Visor', 'artifact', 'https://render.albiononline.com/v1/item/T4_ARTEFACT_HEAD_LEATHER_MORGANA.png'),
  ('ARTEFACT_HEAD_LEATHER_UNDEAD', 'Adept\'s Ghastly Visor', 'artifact', 'https://render.albiononline.com/v1/item/T4_ARTEFACT_HEAD_LEATHER_UNDEAD.png'),
  ('ARTEFACT_HEAD_PLATE_AVALON', 'Adept\'s Exalted Visor', 'artifact', 'https://render.albiononline.com/v1/item/T4_ARTEFACT_HEAD_PLATE_AVALON.png'),
  ('ARTEFACT_HEAD_PLATE_FEY', 'Adept\'s Veilweaver Mandibles', 'artifact', 'https://render.albiononline.com/v1/item/T4_ARTEFACT_HEAD_PLATE_FEY.png'),
  ('ARTEFACT_HEAD_PLATE_HELL', 'Adept\'s Demonic Scraps', 'artifact', 'https://render.albiononline.com/v1/item/T4_ARTEFACT_HEAD_PLATE_HELL.png'),
  ('ARTEFACT_HEAD_PLATE_KEEPER', 'Adept\'s Carved Skull Padding', 'artifact', 'https://render.albiononline.com/v1/item/T4_ARTEFACT_HEAD_PLATE_KEEPER.png'),
  ('ARTEFACT_HEAD_PLATE_UNDEAD', 'Adept\'s Ancient Padding', 'artifact', 'https://render.albiononline.com/v1/item/T4_ARTEFACT_HEAD_PLATE_UNDEAD.png'),
  ('ARTEFACT_MAIN_ARCANESTAFF_UNDEAD', 'Adept\'s Lost Arcane Crystal', 'artifact', 'https://render.albiononline.com/v1/item/T4_ARTEFACT_MAIN_ARCANESTAFF_UNDEAD.png'),
  ('ARTEFACT_MAIN_CURSEDSTAFF_AVALON', 'Adept\'s Fractured Opaque Orb', 'artifact', 'https://render.albiononline.com/v1/item/T4_ARTEFACT_MAIN_CURSEDSTAFF_AVALON.png'),
  ('ARTEFACT_MAIN_CURSEDSTAFF_CRYSTAL', 'Adept\'s Rotten Crystal', 'artifact', 'https://render.albiononline.com/v1/item/T4_ARTEFACT_MAIN_CURSEDSTAFF_CRYSTAL.png'),
  ('ARTEFACT_MAIN_CURSEDSTAFF_UNDEAD', 'Adept\'s Lost Cursed Crystal', 'artifact', 'https://render.albiononline.com/v1/item/T4_ARTEFACT_MAIN_CURSEDSTAFF_UNDEAD.png'),
  ('ARTEFACT_MAIN_DAGGER_HELL', 'Adept\'s Broken Demonic Fang', 'artifact', 'https://render.albiononline.com/v1/item/T4_ARTEFACT_MAIN_DAGGER_HELL.png'),
  ('ARTEFACT_MAIN_FIRESTAFF_CRYSTAL', 'Adept\'s Pyreheart Crystal', 'artifact', 'https://render.albiononline.com/v1/item/T4_ARTEFACT_MAIN_FIRESTAFF_CRYSTAL.png'),
  ('ARTEFACT_MAIN_FIRESTAFF_KEEPER', 'Adept\'s Wildfire Orb', 'artifact', 'https://render.albiononline.com/v1/item/T4_ARTEFACT_MAIN_FIRESTAFF_KEEPER.png'),
  ('ARTEFACT_MAIN_FROSTSTAFF_AVALON', 'Adept\'s Chilled Crystalline Shard', 'artifact', 'https://render.albiononline.com/v1/item/T4_ARTEFACT_MAIN_FROSTSTAFF_AVALON.png'),
  ('ARTEFACT_MAIN_FROSTSTAFF_KEEPER', 'Adept\'s Hoarfrost Orb', 'artifact', 'https://render.albiononline.com/v1/item/T4_ARTEFACT_MAIN_FROSTSTAFF_KEEPER.png'),
  ('ARTEFACT_MAIN_HOLYSTAFF_AVALON', 'Adept\'s Messianic Curio', 'artifact', 'https://render.albiononline.com/v1/item/T4_ARTEFACT_MAIN_HOLYSTAFF_AVALON.png'),
  ('ARTEFACT_MAIN_HOLYSTAFF_MORGANA', 'Adept\'s Possessed Scroll', 'artifact', 'https://render.albiononline.com/v1/item/T4_ARTEFACT_MAIN_HOLYSTAFF_MORGANA.png'),
  ('ARTEFACT_MAIN_MACE_CRYSTAL', 'Adept\'s Dreadstorm Crystal', 'artifact', 'https://render.albiononline.com/v1/item/T4_ARTEFACT_MAIN_MACE_CRYSTAL.png'),
  ('ARTEFACT_MAIN_MACE_HELL', 'Adept\'s Infernal Mace Head', 'artifact', 'https://render.albiononline.com/v1/item/T4_ARTEFACT_MAIN_MACE_HELL.png'),
  ('ARTEFACT_MAIN_NATURESTAFF_AVALON', 'Adept\'s Uprooted Perennial Sapling', 'artifact', 'https://render.albiononline.com/v1/item/T4_ARTEFACT_MAIN_NATURESTAFF_AVALON.png'),
  ('ARTEFACT_MAIN_NATURESTAFF_CRYSTAL', 'Adept\'s Forged Crystal', 'artifact', 'https://render.albiononline.com/v1/item/T4_ARTEFACT_MAIN_NATURESTAFF_CRYSTAL.png'),
  ('ARTEFACT_MAIN_NATURESTAFF_KEEPER', 'Adept\'s Druidic Inscriptions', 'artifact', 'https://render.albiononline.com/v1/item/T4_ARTEFACT_MAIN_NATURESTAFF_KEEPER.png'),
  ('ARTEFACT_MAIN_RAPIER_MORGANA', 'Adept\'s Hardened Debole', 'artifact', 'https://render.albiononline.com/v1/item/T4_ARTEFACT_MAIN_RAPIER_MORGANA.png'),
  ('ARTEFACT_MAIN_ROCKMACE_KEEPER', 'Adept\'s Runed Rock', 'artifact', 'https://render.albiononline.com/v1/item/T4_ARTEFACT_MAIN_ROCKMACE_KEEPER.png'),
  ('ARTEFACT_MAIN_SCIMITAR_MORGANA', 'Adept\'s Bloodforged Blade', 'artifact', 'https://render.albiononline.com/v1/item/T4_ARTEFACT_MAIN_SCIMITAR_MORGANA.png'),
  ('ARTEFACT_MAIN_SPEAR_KEEPER', 'Adept\'s Keeper Spearhead', 'artifact', 'https://render.albiononline.com/v1/item/T4_ARTEFACT_MAIN_SPEAR_KEEPER.png'),
  ('ARTEFACT_MAIN_SPEAR_LANCE_AVALON', 'Adept\'s Ruined Ancestral Vamplate', 'artifact', 'https://render.albiononline.com/v1/item/T4_ARTEFACT_MAIN_SPEAR_LANCE_AVALON.png'),
  ('ARTEFACT_MAIN_SWORD_CRYSTAL', 'Adept\'s Infinite Crystal', 'artifact', 'https://render.albiononline.com/v1/item/T4_ARTEFACT_MAIN_SWORD_CRYSTAL.png'),
  ('ARTEFACT_OFF_CENSER_AVALON', 'Adept\'s Severed Celestial Keepsake', 'artifact', 'https://render.albiononline.com/v1/item/T4_ARTEFACT_OFF_CENSER_AVALON.png'),
  ('ARTEFACT_OFF_DEMONSKULL_HELL', 'Adept\'s Demonic Jawbone', 'artifact', 'https://render.albiononline.com/v1/item/T4_ARTEFACT_OFF_DEMONSKULL_HELL.png'),
  ('ARTEFACT_OFF_HORN_KEEPER', 'Adept\'s Runed Horn', 'artifact', 'https://render.albiononline.com/v1/item/T4_ARTEFACT_OFF_HORN_KEEPER.png'),
  ('ARTEFACT_OFF_JESTERCANE_HELL', 'Adept\'s Hellish Handle', 'artifact', 'https://render.albiononline.com/v1/item/T4_ARTEFACT_OFF_JESTERCANE_HELL.png'),
  ('ARTEFACT_OFF_LAMP_UNDEAD', 'Adept\'s Ghastly Candle', 'artifact', 'https://render.albiononline.com/v1/item/T4_ARTEFACT_OFF_LAMP_UNDEAD.png'),
  ('ARTEFACT_OFF_ORB_MORGANA', 'Adept\'s Alluring Crystal', 'artifact', 'https://render.albiononline.com/v1/item/T4_ARTEFACT_OFF_ORB_MORGANA.png'),
  ('ARTEFACT_OFF_SHIELD_AVALON', 'Adept\'s Crushed Avalonian Heirloom', 'artifact', 'https://render.albiononline.com/v1/item/T4_ARTEFACT_OFF_SHIELD_AVALON.png'),
  ('ARTEFACT_OFF_SHIELD_CRYSTAL', 'Adept\'s Unbreakable Crystal', 'artifact', 'https://render.albiononline.com/v1/item/T4_ARTEFACT_OFF_SHIELD_CRYSTAL.png'),
  ('ARTEFACT_OFF_SHIELD_HELL', 'Adept\'s Infernal Shield Core', 'artifact', 'https://render.albiononline.com/v1/item/T4_ARTEFACT_OFF_SHIELD_HELL.png'),
  ('ARTEFACT_OFF_SPIKEDSHIELD_MORGANA', 'Adept\'s Bloodforged Spikes', 'artifact', 'https://render.albiononline.com/v1/item/T4_ARTEFACT_OFF_SPIKEDSHIELD_MORGANA.png'),
  ('ARTEFACT_OFF_TALISMAN_AVALON', 'Adept\'s Shattered Avalonian Memento', 'artifact', 'https://render.albiononline.com/v1/item/T4_ARTEFACT_OFF_TALISMAN_AVALON.png'),
  ('ARTEFACT_OFF_TOME_CRYSTAL', 'Adept\'s Timelocked Crystal', 'artifact', 'https://render.albiononline.com/v1/item/T4_ARTEFACT_OFF_TOME_CRYSTAL.png'),
  ('ARTEFACT_OFF_TORCH_CRYSTAL', 'Adept\'s Blueflame Crystal', 'artifact', 'https://render.albiononline.com/v1/item/T4_ARTEFACT_OFF_TORCH_CRYSTAL.png'),
  ('ARTEFACT_OFF_TOTEM_KEEPER', 'Adept\'s Inscribed Stone', 'artifact', 'https://render.albiononline.com/v1/item/T4_ARTEFACT_OFF_TOTEM_KEEPER.png'),
  ('ARTEFACT_OFF_TOWERSHIELD_UNDEAD', 'Adept\'s Ancient Shield Core', 'artifact', 'https://render.albiononline.com/v1/item/T4_ARTEFACT_OFF_TOWERSHIELD_UNDEAD.png'),
  ('ARTEFACT_SHOES_CLOTH_AVALON', 'Adept\'s Sanctified Bindings', 'artifact', 'https://render.albiononline.com/v1/item/T4_ARTEFACT_SHOES_CLOTH_AVALON.png'),
  ('ARTEFACT_SHOES_CLOTH_FEY', 'Adept\'s Fey Dragonscales', 'artifact', 'https://render.albiononline.com/v1/item/T4_ARTEFACT_SHOES_CLOTH_FEY.png'),
  ('ARTEFACT_SHOES_CLOTH_HELL', 'Adept\'s Infernal Cloth Bindings', 'artifact', 'https://render.albiononline.com/v1/item/T4_ARTEFACT_SHOES_CLOTH_HELL.png'),
  ('ARTEFACT_SHOES_CLOTH_KEEPER', 'Adept\'s Druidic Bindings', 'artifact', 'https://render.albiononline.com/v1/item/T4_ARTEFACT_SHOES_CLOTH_KEEPER.png'),
  ('ARTEFACT_SHOES_CLOTH_MORGANA', 'Adept\'s Alluring Bindings', 'artifact', 'https://render.albiononline.com/v1/item/T4_ARTEFACT_SHOES_CLOTH_MORGANA.png'),
  ('ARTEFACT_SHOES_LEATHER_AVALON', 'Adept\'s Augured Fasteners', 'artifact', 'https://render.albiononline.com/v1/item/T4_ARTEFACT_SHOES_LEATHER_AVALON.png'),
  ('ARTEFACT_SHOES_LEATHER_FEY', 'Adept\'s Griffin Underfur', 'artifact', 'https://render.albiononline.com/v1/item/T4_ARTEFACT_SHOES_LEATHER_FEY.png'),
  ('ARTEFACT_SHOES_LEATHER_HELL', 'Adept\'s Demonhide Bindings', 'artifact', 'https://render.albiononline.com/v1/item/T4_ARTEFACT_SHOES_LEATHER_HELL.png'),
  ('ARTEFACT_SHOES_LEATHER_MORGANA', 'Adept\'s Imbued Soles', 'artifact', 'https://render.albiononline.com/v1/item/T4_ARTEFACT_SHOES_LEATHER_MORGANA.png'),
  ('ARTEFACT_SHOES_LEATHER_UNDEAD', 'Adept\'s Ghastly Bindings', 'artifact', 'https://render.albiononline.com/v1/item/T4_ARTEFACT_SHOES_LEATHER_UNDEAD.png'),
  ('ARTEFACT_SHOES_PLATE_AVALON', 'Adept\'s Exalted Greave', 'artifact', 'https://render.albiononline.com/v1/item/T4_ARTEFACT_SHOES_PLATE_AVALON.png'),
  ('ARTEFACT_SHOES_PLATE_FEY', 'Adept\'s Veilweaver Claws', 'artifact', 'https://render.albiononline.com/v1/item/T4_ARTEFACT_SHOES_PLATE_FEY.png'),
  ('ARTEFACT_SHOES_PLATE_HELL', 'Adept\'s Demonic Filling', 'artifact', 'https://render.albiononline.com/v1/item/T4_ARTEFACT_SHOES_PLATE_HELL.png'),
  ('ARTEFACT_SHOES_PLATE_KEEPER', 'Adept\'s Inscribed Bindings', 'artifact', 'https://render.albiononline.com/v1/item/T4_ARTEFACT_SHOES_PLATE_KEEPER.png'),
  ('ARTEFACT_SHOES_PLATE_UNDEAD', 'Adept\'s Ancient Bindings', 'artifact', 'https://render.albiononline.com/v1/item/T4_ARTEFACT_SHOES_PLATE_UNDEAD.png'),
  ('CLOTH', 'Simple Cloth', 'refined_cloth', 'https://render.albiononline.com/v1/item/T4_CLOTH.png'),
  ('HEAD_CLOTH_SET1', 'Adept\'s Scholar Cowl', 'resource', 'https://render.albiononline.com/v1/item/T4_HEAD_CLOTH_SET1.png'),
  ('HEAD_LEATHER_SET1', 'Adept\'s Mercenary Hood', 'refined_leather', 'https://render.albiononline.com/v1/item/T4_HEAD_LEATHER_SET1.png'),
  ('HEAD_PLATE_SET1', 'Adept\'s Soldier Helmet', 'resource', 'https://render.albiononline.com/v1/item/T4_HEAD_PLATE_SET1.png'),
  ('HIDE', 'Scraps of Hide', 'raw_hide', 'https://render.albiononline.com/v1/item/T4_HIDE.png'),
  ('LEATHER', 'Stiff Leather', 'refined_leather', 'https://render.albiononline.com/v1/item/T4_LEATHER.png'),
  ('METALBAR', 'Copper Bar', 'refined_metal', 'https://render.albiononline.com/v1/item/T4_METALBAR.png'),
  ('PLANKS', 'Birch Planks', 'refined_wood', 'https://render.albiononline.com/v1/item/T4_PLANKS.png'),
  ('QUESTITEM_TOKEN_EVENT_HALLOWEEN_2017', 'Pumpkin Pip', 'resource', 'https://render.albiononline.com/v1/item/QUESTITEM_TOKEN_EVENT_HALLOWEEN_2017.png'),
  ('QUESTITEM_TOKEN_ROYAL_T4', 'Adept\'s Royal Sigil', 'resource', 'https://render.albiononline.com/v1/item/QUESTITEM_TOKEN_ROYAL_T4.png'),
  ('QUESTITEM_TOKEN_ROYAL_T5', 'Expert\'s Royal Sigil', 'resource', 'https://render.albiononline.com/v1/item/QUESTITEM_TOKEN_ROYAL_T5.png'),
  ('QUESTITEM_TOKEN_ROYAL_T6', 'Master\'s Royal Sigil', 'resource', 'https://render.albiononline.com/v1/item/QUESTITEM_TOKEN_ROYAL_T6.png'),
  ('QUESTITEM_TOKEN_ROYAL_T7', 'Grandmaster\'s Royal Sigil', 'resource', 'https://render.albiononline.com/v1/item/QUESTITEM_TOKEN_ROYAL_T7.png'),
  ('QUESTITEM_TOKEN_ROYAL_T8', 'Elder\'s Royal Sigil', 'resource', 'https://render.albiononline.com/v1/item/QUESTITEM_TOKEN_ROYAL_T8.png'),
  ('ROCK', 'Rough Stone', 'raw_stone', 'https://render.albiononline.com/v1/item/T4_ROCK.png'),
  ('SHOES_CLOTH_SET1', 'Adept\'s Scholar Sandals', 'resource', 'https://render.albiononline.com/v1/item/T4_SHOES_CLOTH_SET1.png'),
  ('SHOES_LEATHER_SET1', 'Adept\'s Mercenary Shoes', 'refined_leather', 'https://render.albiononline.com/v1/item/T4_SHOES_LEATHER_SET1.png'),
  ('SHOES_PLATE_SET1', 'Adept\'s Soldier Boots', 'resource', 'https://render.albiononline.com/v1/item/T4_SHOES_PLATE_SET1.png'),
  ('UNIQUE_CONSUMABLE_EVENT_WINTER_2017', 'Snowball', 'resource', 'https://render.albiononline.com/v1/item/UNIQUE_CONSUMABLE_EVENT_WINTER_2017.png'),
  ('WOOD', 'Rough Logs', 'raw_wood', 'https://render.albiononline.com/v1/item/T4_WOOD.png')
ON DUPLICATE KEY UPDATE `id`=`id`;

-- ================================================================
-- 2. ITEMS
-- ================================================================

INSERT INTO `items` (`id`, `name`, `category`, `parent_tree`, `is_artifact`, `craft_fame`, `nutrition_cost`) VALUES
  ('ARMOR_CLOTH_AVALON', 'Adept\'s Robe of Purity', 'Armors', 'Cloth Armor', 1, 858, 0),
  ('ARMOR_CLOTH_FEY', 'Adept\'s Feyscale Robe', 'Armors', 'Cloth Armor', 1, 858, 0),
  ('ARMOR_CLOTH_HELL', 'Adept\'s Fiend Robe', 'Armors', 'Cloth Armor', 1, 858, 0),
  ('ARMOR_CLOTH_KEEPER', 'Adept\'s Druid Robe', 'Armors', 'Cloth Armor', 1, 858, 0),
  ('ARMOR_CLOTH_MORGANA', 'Adept\'s Cultist Robe', 'Armors', 'Cloth Armor', 1, 858, 0),
  ('ARMOR_CLOTH_PROTOTYPE', 'ARMOR_CLOTH_PROTOTYPE', 'Armors', 'Cloth Armor', 0, 8042, 0),
  ('ARMOR_CLOTH_ROYAL', 'Adept\'s Royal Robe', 'Armors', 'Cloth Armor', 1, 0, 0),
  ('ARMOR_CLOTH_SET1', 'Novice\'s Scholar Robe', 'Armors', 'Cloth Armor', 0, 280, 0),
  ('ARMOR_CLOTH_SET2', 'Adept\'s Cleric Robe', 'Armors', 'Cloth Armor', 0, 858, 0),
  ('ARMOR_CLOTH_SET3', 'Adept\'s Mage Robe', 'Armors', 'Cloth Armor', 0, 858, 0),
  ('ARMOR_LEATHER_AVALON', 'Adept\'s Jacket of Tenacity', 'Armors', 'Leather Armor', 1, 858, 0),
  ('ARMOR_LEATHER_FEY', 'Adept\'s Mistwalker Jacket', 'Armors', 'Leather Armor', 1, 858, 0),
  ('ARMOR_LEATHER_HELL', 'Adept\'s Hellion Jacket', 'Armors', 'Leather Armor', 1, 858, 0),
  ('ARMOR_LEATHER_MORGANA', 'Adept\'s Stalker Jacket', 'Armors', 'Leather Armor', 1, 858, 0),
  ('ARMOR_LEATHER_PROTOTYPE', 'ARMOR_LEATHER_PROTOTYPE', 'Armors', 'Leather Armor', 0, 8042, 0),
  ('ARMOR_LEATHER_ROYAL', 'Adept\'s Royal Jacket', 'Armors', 'Leather Armor', 1, 0, 0),
  ('ARMOR_LEATHER_SET1', 'Beginner\'s Mercenary Jacket', 'Armors', 'Leather Armor', 0, 0, 0),
  ('ARMOR_LEATHER_SET2', 'Adept\'s Hunter Jacket', 'Armors', 'Leather Armor', 0, 858, 0),
  ('ARMOR_LEATHER_SET3', 'Adept\'s Assassin Jacket', 'Armors', 'Leather Armor', 0, 858, 0),
  ('ARMOR_LEATHER_UNDEAD', 'Adept\'s Specter Jacket', 'Armors', 'Leather Armor', 1, 858, 0),
  ('ARMOR_PLATE_AVALON', 'Adept\'s Armor of Valor', 'Armors', 'Plate Armor', 1, 858, 0),
  ('ARMOR_PLATE_FEY', 'Adept\'s Duskweaver Armor', 'Armors', 'Plate Armor', 1, 858, 0),
  ('ARMOR_PLATE_HELL', 'Adept\'s Demon Armor', 'Armors', 'Plate Armor', 1, 858, 0),
  ('ARMOR_PLATE_KEEPER', 'Adept\'s Judicator Armor', 'Armors', 'Plate Armor', 1, 858, 0),
  ('ARMOR_PLATE_PROTOTYPE', 'ARMOR_PLATE_PROTOTYPE', 'Armors', 'Plate Armor', 0, 8042, 0),
  ('ARMOR_PLATE_ROYAL', 'Adept\'s Royal Armor', 'Armors', 'Plate Armor', 1, 0, 0),
  ('ARMOR_PLATE_SET1', 'Novice\'s Soldier Armor', 'Armors', 'Plate Armor', 0, 280, 0),
  ('ARMOR_PLATE_SET2', 'Adept\'s Knight Armor', 'Armors', 'Plate Armor', 0, 858, 0),
  ('ARMOR_PLATE_SET3', 'Adept\'s Guardian Armor', 'Armors', 'Plate Armor', 0, 858, 0),
  ('ARMOR_PLATE_UNDEAD', 'Adept\'s Graveguard Armor', 'Armors', 'Plate Armor', 1, 858, 0),
  ('UNIQUE_ARMOR_FOUNDER_ELITE', 'Explorer\'s Armor', 'Armors', 'Other', 0, 280, 0),
  ('UNIQUE_ARMOR_FOUNDER_LEGENDARY', 'Legendary Explorer\'s Armor', 'Armors', 'Other', 0, 490, 0),
  ('UNIQUE_ARMOR_STARTERPACK_ELITE', 'Adventurer\'s Jacket', 'Armors', 'Other', 0, 280, 0),
  ('UNIQUE_ARMOR_STARTERPACK_LEGENDARY', 'Legendary Adventurer\'s Armor', 'Armors', 'Other', 0, 490, 0),
  ('UNIQUE_ARMOR_VANITY_DRESS_RED', 'Red Tulip Dress', 'Armors', 'Other', 1, 490, 0),
  ('UNIQUE_ARMOR_VANITY_JESTER', 'Jester Costume', 'Armors', 'Other', 0, 160, 0),
  ('UNIQUE_ARMOR_VANITY_PLAGUEDOC', 'Hygienic Coat', 'Armors', 'Other', 1, 490, 0),
  ('UNIQUE_ARMOR_VANITY_RICH_NOBLE', 'Rich Noble\'s Doublet', 'Armors', 'Other', 1, 490, 0),
  ('UNIQUE_ARMOR_VANITY_RICH_NOBLE_PURPLE', 'Purple Rich Noble\'s Doublet', 'Armors', 'Other', 1, 490, 0),
  ('UNIQUE_ARMOR_VANITY_SANTACLAUS', 'Yule Coat', 'Armors', 'Other', 1, 490, 0),
  ('UNIQUE_ARMOR_VANITY_SKELETON', 'Ribcage', 'Armors', 'Other', 1, 490, 0),
  ('UNIQUE_ARMOR_VANITY_SKELETON_UNDEAD', 'Undead Ribcage', 'Armors', 'Other', 0, 0, 0),
  ('UNIQUE_ARMOR_VANITY_WEDDING_DRESS', 'Bridal Dress', 'Armors', 'Other', 0, 490, 0),
  ('UNIQUE_ARMOR_VANITY_WEDDING_TUXEDO', 'Groom\'s Suit', 'Armors', 'Other', 0, 490, 0),
  ('UNIQUE_INTERNAL_ARMOR_GAMEMASTER', 'Game Master\'s Doublet', 'Armors', 'Other', 0, 388, 0),
  ('UNIQUE_WEAPONMASTER_ARMOR_PROTOTYPE', 'UNIQUE_WEAPONMASTER_ARMOR_PROTOTYPE', 'Armors', 'Other', 0, 1380, 0),
  ('HEAD_CLOTH_AVALON', 'Adept\'s Cowl of Purity', 'Helmets', 'Cloth Helmet', 1, 429, 0),
  ('HEAD_CLOTH_FEY', 'Adept\'s Feyscale Hat', 'Helmets', 'Cloth Helmet', 1, 429, 0),
  ('HEAD_CLOTH_HELL', 'Adept\'s Fiend Cowl', 'Helmets', 'Cloth Helmet', 1, 429, 0),
  ('HEAD_CLOTH_KEEPER', 'Adept\'s Druid Cowl', 'Helmets', 'Cloth Helmet', 1, 429, 0),
  ('HEAD_CLOTH_MORGANA', 'Adept\'s Cultist Cowl', 'Helmets', 'Cloth Helmet', 1, 429, 0),
  ('HEAD_CLOTH_PROTOTYPE', 'HEAD_CLOTH_PROTOTYPE', 'Helmets', 'Other', 0, 4021, 0),
  ('HEAD_CLOTH_ROYAL', 'Adept\'s Royal Cowl', 'Helmets', 'Cloth Helmet', 1, 0, 0),
  ('HEAD_CLOTH_SET1', 'Novice\'s Scholar Cowl', 'Helmets', 'Cloth Helmet', 0, 140, 0),
  ('HEAD_CLOTH_SET2', 'Adept\'s Cleric Cowl', 'Helmets', 'Cloth Helmet', 0, 429, 0),
  ('HEAD_CLOTH_SET3', 'Adept\'s Mage Cowl', 'Helmets', 'Cloth Helmet', 0, 429, 0),
  ('HEAD_LEATHER_AVALON', 'Adept\'s Hood of Tenacity', 'Helmets', 'Leather Helmet', 1, 429, 0),
  ('HEAD_LEATHER_FEY', 'Adept\'s Mistwalker Hood', 'Helmets', 'Leather Helmet', 1, 429, 0),
  ('HEAD_LEATHER_HELL', 'Adept\'s Hellion Hood', 'Helmets', 'Leather Helmet', 1, 429, 0),
  ('HEAD_LEATHER_MORGANA', 'Adept\'s Stalker Hood', 'Helmets', 'Leather Helmet', 1, 429, 0),
  ('HEAD_LEATHER_PROTOTYPE', 'HEAD_LEATHER_PROTOTYPE', 'Helmets', 'Leather Helmet', 0, 4021, 0),
  ('HEAD_LEATHER_ROYAL', 'Adept\'s Royal Hood', 'Helmets', 'Leather Helmet', 1, 0, 0),
  ('HEAD_LEATHER_SET1', 'Beginner\'s Mercenary Hood', 'Helmets', 'Leather Helmet', 0, 0, 0),
  ('HEAD_LEATHER_SET2', 'Adept\'s Hunter Hood', 'Helmets', 'Leather Helmet', 0, 429, 0),
  ('HEAD_LEATHER_SET3', 'Adept\'s Assassin Hood', 'Helmets', 'Leather Helmet', 0, 429, 0),
  ('HEAD_LEATHER_UNDEAD', 'Adept\'s Specter Hood', 'Helmets', 'Leather Helmet', 1, 429, 0),
  ('HEAD_PLATE_AVALON', 'Adept\'s Helmet of Valor', 'Helmets', 'Plate Helmet', 1, 429, 0),
  ('HEAD_PLATE_FEY', 'Adept\'s Duskweaver Helmet', 'Helmets', 'Plate Helmet', 1, 429, 0),
  ('HEAD_PLATE_HELL', 'Adept\'s Demon Helmet', 'Helmets', 'Plate Helmet', 1, 429, 0),
  ('HEAD_PLATE_KEEPER', 'Adept\'s Judicator Helmet', 'Helmets', 'Plate Helmet', 1, 429, 0),
  ('HEAD_PLATE_PROTOTYPE', 'HEAD_PLATE_PROTOTYPE', 'Helmets', 'Plate Helmet', 0, 4021, 0),
  ('HEAD_PLATE_ROYAL', 'Adept\'s Royal Helmet', 'Helmets', 'Plate Helmet', 1, 0, 0),
  ('HEAD_PLATE_SET1', 'Novice\'s Soldier Helmet', 'Helmets', 'Plate Helmet', 0, 140, 0),
  ('HEAD_PLATE_SET2', 'Adept\'s Knight Helmet', 'Helmets', 'Plate Helmet', 0, 429, 0),
  ('HEAD_PLATE_SET3', 'Adept\'s Guardian Helmet', 'Helmets', 'Plate Helmet', 0, 429, 0),
  ('HEAD_PLATE_UNDEAD', 'Adept\'s Graveguard Helmet', 'Helmets', 'Plate Helmet', 1, 429, 0),
  ('UNIQUE_HEAD_FOUNDER_ELITE', 'Explorer\'s Hat', 'Helmets', 'Other', 0, 140, 0),
  ('UNIQUE_HEAD_FOUNDER_LEGENDARY', 'Legendary Explorer\'s Hat', 'Helmets', 'Other', 0, 245, 0),
  ('UNIQUE_HEAD_STARTERPACK_ELITE', 'Adventurer\'s Helmet', 'Helmets', 'Other', 0, 140, 0),
  ('UNIQUE_HEAD_STARTERPACK_LEGENDARY', 'Legendary Adventurer\'s Hat', 'Helmets', 'Other', 0, 245, 0),
  ('UNIQUE_HEAD_TELLAFRIEND_BATRIDER', 'Master of Bats Helmet', 'Helmets', 'Other', 0, 0, 0),
  ('UNIQUE_HEAD_VANITY_DRESS_RED', 'Red Tulip Hat', 'Helmets', 'Other', 1, 245, 0),
  ('UNIQUE_HEAD_VANITY_JESTER', 'Jester Mask', 'Helmets', 'Other', 0, 80, 0),
  ('UNIQUE_HEAD_VANITY_PLAGUEDOC', 'Hygienic Mask', 'Helmets', 'Other', 1, 245, 0),
  ('UNIQUE_HEAD_VANITY_PUMPKIN_01', 'Grinning Pumpkin Head', 'Helmets', 'Other', 1, 245, 0),
  ('UNIQUE_HEAD_VANITY_PUMPKIN_02', 'Sad Pumpkin Head', 'Helmets', 'Other', 1, 245, 0),
  ('UNIQUE_HEAD_VANITY_PUMPKIN_03', 'Angry Pumpkin Head', 'Helmets', 'Other', 1, 245, 0),
  ('UNIQUE_HEAD_VANITY_RICH_NOBLE', 'Rich Noble\'s Hat', 'Helmets', 'Other', 1, 245, 0),
  ('UNIQUE_HEAD_VANITY_RICH_NOBLE_PURPLE', 'Purple Rich Noble\'s Hat', 'Helmets', 'Other', 1, 245, 0),
  ('UNIQUE_HEAD_VANITY_SANTACLAUS', 'Yule Hat', 'Helmets', 'Other', 1, 245, 0),
  ('UNIQUE_HEAD_VANITY_SKELETON', 'Laughing Skull', 'Helmets', 'Other', 1, 245, 0),
  ('UNIQUE_HEAD_VANITY_SKELETON_UNDEAD', 'Undead Skull', 'Helmets', 'Other', 0, 0, 0),
  ('UNIQUE_HEAD_VANITY_WEDDING_DRESS', 'Bridal Veil', 'Helmets', 'Other', 0, 245, 0),
  ('UNIQUE_HEAD_VANITY_WEDDING_TUXEDO', 'Groom\'s Hat', 'Helmets', 'Other', 0, 245, 0),
  ('UNIQUE_HEAD_XMAS', 'Uncle Frost\'s Hat', 'Helmets', 'Other', 0, 0, 0),
  ('UNIQUE_INTERNAL_HEAD_GAMEMASTER', 'Game Master\'s Hat', 'Helmets', 'Other', 0, 194, 0),
  ('UNIQUE_WEAPONMASTER_HEAD_PROTOTYPE', 'UNIQUE_WEAPONMASTER_HEAD_PROTOTYPE', 'Helmets', 'Other', 0, 690, 0),
  ('OFF_BOOK', 'Novice\'s Tome of Spells', 'Offhands', 'Book', 0, 140, 0),
  ('OFF_CENSER_AVALON', 'Adept\'s Celestial Censer', 'Offhands', 'Book', 1, 429, 0),
  ('OFF_DEMONSKULL_HELL', 'Adept\'s Muisak', 'Offhands', 'Book', 1, 429, 0),
  ('OFF_HORN_KEEPER', 'Adept\'s Mistcaller', 'Offhands', 'Torch', 1, 429, 0),
  ('OFF_JESTERCANE_HELL', 'Adept\'s Leering Cane', 'Offhands', 'Torch', 1, 429, 0),
  ('OFF_LAMP_UNDEAD', 'Adept\'s Cryptcandle', 'Offhands', 'Torch', 1, 429, 0),
  ('OFF_ORB_MORGANA', 'Adept\'s Eye of Secrets', 'Offhands', 'Book', 1, 429, 0),
  ('OFF_SHIELD', 'Beginner\'s Shield', 'Offhands', 'Shield', 0, 0, 0),
  ('OFF_SHIELD_AVALON', 'Adept\'s Astral Aegis', 'Offhands', 'Shield', 1, 429, 0),
  ('OFF_SHIELD_CRYSTAL', 'Adept\'s Unbreakable Ward', 'Offhands', 'Shield', 1, 429, 0),
  ('OFF_SHIELD_HELL', 'Adept\'s Caitiff Shield', 'Offhands', 'Shield', 1, 429, 0),
  ('OFF_SPIKEDSHIELD_MORGANA', 'Adept\'s Facebreaker', 'Offhands', 'Shield', 1, 429, 0),
  ('OFF_TALISMAN_AVALON', 'Adept\'s Sacred Scepter', 'Offhands', 'Torch', 1, 429, 0),
  ('OFF_TOME_CRYSTAL', 'Adept\'s Timelocked Grimoire', 'Offhands', 'Book', 1, 429, 0),
  ('OFF_TORCH', 'Journeyman\'s Torch', 'Offhands', 'Torch', 0, 245, 0),
  ('OFF_TORCH_CRYSTAL', 'Adept\'s Blueflame Torch', 'Offhands', 'Torch', 1, 429, 0),
  ('OFF_TOTEM_KEEPER', 'Adept\'s Taproot', 'Offhands', 'Book', 1, 429, 0),
  ('OFF_TOWERSHIELD_UNDEAD', 'Adept\'s Sarcophagus', 'Offhands', 'Shield', 1, 429, 0),
  ('UNIQUE_INTERNAL_OFF_SCROLL_GAMEMASTER', 'Scroll of the Law', 'Offhands', 'Other', 0, 712, 0),
  ('SHOES_CLOTH_AVALON', 'Adept\'s Sandals of Purity', 'Shoes', 'Cloth Shoes', 1, 429, 0),
  ('SHOES_CLOTH_FEY', 'Adept\'s Feyscale Sandals', 'Shoes', 'Cloth Shoes', 1, 429, 0),
  ('SHOES_CLOTH_HELL', 'Adept\'s Fiend Sandals', 'Shoes', 'Cloth Shoes', 1, 429, 0),
  ('SHOES_CLOTH_KEEPER', 'Adept\'s Druid Sandals', 'Shoes', 'Cloth Shoes', 1, 429, 0),
  ('SHOES_CLOTH_MORGANA', 'Adept\'s Cultist Sandals', 'Shoes', 'Cloth Shoes', 1, 429, 0),
  ('SHOES_CLOTH_PROTOTYPE', 'SHOES_CLOTH_PROTOTYPE', 'Shoes', 'Cloth Shoes', 0, 4021, 0),
  ('SHOES_CLOTH_ROYAL', 'Adept\'s Royal Sandals', 'Shoes', 'Cloth Shoes', 1, 0, 0),
  ('SHOES_CLOTH_SET1', 'Novice\'s Scholar Sandals', 'Shoes', 'Cloth Shoes', 0, 140, 0),
  ('SHOES_CLOTH_SET2', 'Adept\'s Cleric Sandals', 'Shoes', 'Cloth Shoes', 0, 429, 0),
  ('SHOES_CLOTH_SET3', 'Adept\'s Mage Sandals', 'Shoes', 'Cloth Shoes', 0, 429, 0),
  ('SHOES_LEATHER_AVALON', 'Adept\'s Shoes of Tenacity', 'Shoes', 'Leather Shoes', 1, 429, 0),
  ('SHOES_LEATHER_FEY', 'Adept\'s Mistwalker Shoes', 'Shoes', 'Leather Shoes', 1, 429, 0),
  ('SHOES_LEATHER_HELL', 'Adept\'s Hellion Shoes', 'Shoes', 'Leather Shoes', 1, 429, 0),
  ('SHOES_LEATHER_MORGANA', 'Adept\'s Stalker Shoes', 'Shoes', 'Leather Shoes', 1, 429, 0),
  ('SHOES_LEATHER_PROTOTYPE', 'SHOES_LEATHER_PROTOTYPE', 'Shoes', 'Leather Shoes', 0, 4021, 0),
  ('SHOES_LEATHER_ROYAL', 'Adept\'s Royal Shoes', 'Shoes', 'Leather Shoes', 1, 0, 0),
  ('SHOES_LEATHER_SET1', 'Beginner\'s Mercenary Shoes', 'Shoes', 'Leather Shoes', 0, 0, 0),
  ('SHOES_LEATHER_SET2', 'Adept\'s Hunter Shoes', 'Shoes', 'Leather Shoes', 0, 429, 0),
  ('SHOES_LEATHER_SET3', 'Adept\'s Assassin Shoes', 'Shoes', 'Leather Shoes', 0, 429, 0),
  ('SHOES_LEATHER_UNDEAD', 'Adept\'s Specter Shoes', 'Shoes', 'Leather Shoes', 1, 429, 0),
  ('SHOES_PLATE_AVALON', 'Adept\'s Boots of Valor', 'Shoes', 'Plate Shoes', 1, 429, 0),
  ('SHOES_PLATE_FEY', 'Adept\'s Duskweaver Boots', 'Shoes', 'Plate Shoes', 1, 429, 0),
  ('SHOES_PLATE_HELL', 'Adept\'s Demon Boots', 'Shoes', 'Plate Shoes', 1, 429, 0),
  ('SHOES_PLATE_KEEPER', 'Adept\'s Judicator Boots', 'Shoes', 'Plate Shoes', 1, 429, 0),
  ('SHOES_PLATE_PROTOTYPE', 'SHOES_PLATE_PROTOTYPE', 'Shoes', 'Plate Shoes', 0, 4021, 0),
  ('SHOES_PLATE_ROYAL', 'Adept\'s Royal Boots', 'Shoes', 'Plate Shoes', 1, 0, 0),
  ('SHOES_PLATE_SET1', 'Novice\'s Soldier Boots', 'Shoes', 'Plate Shoes', 0, 140, 0),
  ('SHOES_PLATE_SET2', 'Adept\'s Knight Boots', 'Shoes', 'Plate Shoes', 0, 429, 0),
  ('SHOES_PLATE_SET3', 'Adept\'s Guardian Boots', 'Shoes', 'Plate Shoes', 0, 429, 0),
  ('SHOES_PLATE_UNDEAD', 'Adept\'s Graveguard Boots', 'Shoes', 'Plate Shoes', 1, 429, 0),
  ('UNIQUE_INTERNAL_SHOES_GAMEMASTER', 'Game Master\'s Boots', 'Shoes', 'Other', 0, 194, 0),
  ('UNIQUE_SHOES_FOUNDER_ELITE', 'Explorer\'s Boots', 'Shoes', 'Other', 0, 140, 0),
  ('UNIQUE_SHOES_FOUNDER_LEGENDARY', 'Legendary Explorer\'s Boots', 'Shoes', 'Other', 0, 245, 0),
  ('UNIQUE_SHOES_RUBBERBANDING', 'Rubberband Boots', 'Shoes', 'Other', 0, 0, 0),
  ('UNIQUE_SHOES_STARTERPACK_ELITE', 'Adventurer\'s Shoes', 'Shoes', 'Other', 0, 140, 0),
  ('UNIQUE_SHOES_STARTERPACK_LEGENDARY', 'Legendary Adventurer\'s Boots', 'Shoes', 'Other', 0, 245, 0),
  ('UNIQUE_SHOES_VANITY_DRESS_RED', 'Red Tulip Shoes', 'Shoes', 'Other', 1, 245, 0),
  ('UNIQUE_SHOES_VANITY_JESTER', 'Jester Shoes', 'Shoes', 'Other', 0, 80, 0),
  ('UNIQUE_SHOES_VANITY_PLAGUEDOC', 'Hygienic Boots', 'Shoes', 'Other', 1, 245, 0),
  ('UNIQUE_SHOES_VANITY_RICH_NOBLE', 'Rich Noble\'s Footwear', 'Shoes', 'Other', 1, 245, 0),
  ('UNIQUE_SHOES_VANITY_RICH_NOBLE_PURPLE', 'Purple Rich Noble\'s Footwear', 'Shoes', 'Other', 1, 245, 0),
  ('UNIQUE_SHOES_VANITY_SANTACLAUS', 'Yule Shoes', 'Shoes', 'Other', 1, 245, 0),
  ('UNIQUE_SHOES_VANITY_SKELETON', 'Legbones', 'Shoes', 'Other', 1, 245, 0),
  ('UNIQUE_SHOES_VANITY_SKELETON_UNDEAD', 'Undead Legs', 'Shoes', 'Other', 0, 0, 0),
  ('UNIQUE_SHOES_VANITY_WEDDING_DRESS', 'Bridal Shoes', 'Shoes', 'Other', 0, 245, 0),
  ('UNIQUE_SHOES_VANITY_WEDDING_TUXEDO', 'Groom\'s Shoes', 'Shoes', 'Other', 0, 245, 0),
  ('UNIQUE_WEAPONMASTER_SHOES_PROTOTYPE', 'UNIQUE_WEAPONMASTER_SHOES_PROTOTYPE', 'Shoes', 'Other', 0, 690, 0),
  ('2H_ARCANESTAFF', 'Adept\'s Great Arcane Staff', 'Weapons', 'Arcane Staff', 0, 1715, 0),
  ('2H_ARCANESTAFF_CRYSTAL', 'Adept\'s Astral Staff', 'Weapons', 'Arcane Staff', 1, 1715, 0),
  ('2H_ARCANESTAFF_HELL', 'Adept\'s Occult Staff', 'Weapons', 'Arcane Staff', 1, 1715, 0),
  ('2H_ARCANE_RINGPAIR_AVALON', 'Adept\'s Evensong', 'Weapons', 'Arcane Staff', 1, 1715, 0),
  ('2H_AXE', 'Adept\'s Greataxe', 'Weapons', 'Axe', 0, 1715, 0),
  ('2H_AXE_AVALON', 'Adept\'s Realmbreaker', 'Weapons', 'Axe', 1, 1715, 0),
  ('2H_BOW', 'Novice\'s Bow', 'Weapons', 'Bow', 0, 560, 0),
  ('2H_BOW_AVALON', 'Adept\'s Mistpiercer', 'Weapons', 'Bow', 1, 1715, 0),
  ('2H_BOW_CRYSTAL', 'Adept\'s Skystrider Bow', 'Weapons', 'Bow', 1, 1715, 0),
  ('2H_BOW_HELL', 'Adept\'s Wailing Bow', 'Weapons', 'Bow', 1, 1715, 0),
  ('2H_BOW_KEEPER', 'Adept\'s Bow of Badon', 'Weapons', 'Bow', 1, 1715, 0),
  ('2H_CLAWPAIR', 'Adept\'s Claws', 'Weapons', 'Dagger', 0, 1715, 0),
  ('2H_CLAYMORE', 'Adept\'s Claymore', 'Weapons', 'Sword', 0, 1715, 0),
  ('2H_CLAYMORE_AVALON', 'Adept\'s Kingmaker', 'Weapons', 'Sword', 1, 1715, 0),
  ('2H_CLEAVER_HELL', 'Adept\'s Carving Sword', 'Weapons', 'Sword', 1, 1715, 0),
  ('2H_COMBATSTAFF_MORGANA', 'Adept\'s Black Monk Stave', 'Weapons', 'Quarterstaff', 1, 1715, 0),
  ('2H_CROSSBOW', 'Journeyman\'s Crossbow', 'Weapons', 'Crossbow', 0, 980, 0),
  ('2H_CROSSBOWLARGE', 'Adept\'s Heavy Crossbow', 'Weapons', 'Crossbow', 0, 1715, 0),
  ('2H_CROSSBOWLARGE_MORGANA', 'Adept\'s Siegebow', 'Weapons', 'Crossbow', 1, 1715, 0),
  ('2H_CROSSBOW_CANNON_AVALON', 'Adept\'s Energy Shaper', 'Weapons', 'Crossbow', 1, 1715, 0),
  ('2H_CURSEDSTAFF', 'Adept\'s Great Cursed Staff', 'Weapons', 'Curse Staff', 0, 1715, 0),
  ('2H_CURSEDSTAFF_MORGANA', 'Adept\'s Damnation Staff', 'Weapons', 'Curse Staff', 1, 1715, 0),
  ('2H_DAGGERPAIR', 'Adept\'s Dagger Pair', 'Weapons', 'Dagger', 0, 1715, 0),
  ('2H_DAGGERPAIR_CRYSTAL', 'Adept\'s Twin Slayers', 'Weapons', 'Dagger', 1, 1715, 0),
  ('2H_DAGGER_KATAR_AVALON', 'Adept\'s Bridled Fury', 'Weapons', 'Dagger', 1, 1715, 0),
  ('2H_DEMONICSTAFF', 'Adept\'s Demonic Staff', 'Weapons', 'Curse Staff', 0, 1715, 0),
  ('2H_DIVINESTAFF', 'Adept\'s Divine Staff', 'Weapons', 'Holy Staff', 0, 1715, 0),
  ('2H_DOUBLEBLADEDSTAFF', 'Adept\'s Double Bladed Staff', 'Weapons', 'Quarterstaff', 0, 1715, 0),
  ('2H_DOUBLEBLADEDSTAFF_CRYSTAL', 'Adept\'s Phantom Twinblade', 'Weapons', 'Quarterstaff', 1, 1715, 0),
  ('2H_DUALAXE_KEEPER', 'Adept\'s Bear Paws', 'Weapons', 'Axe', 1, 1715, 0),
  ('2H_DUALCROSSBOW_CRYSTAL', 'Adept\'s Arclight Blasters', 'Weapons', 'Crossbow', 1, 1715, 0),
  ('2H_DUALCROSSBOW_HELL', 'Adept\'s Boltcasters', 'Weapons', 'Crossbow', 1, 1715, 0),
  ('2H_DUALHAMMER_HELL', 'Adept\'s Forge Hammers', 'Weapons', 'Hammer', 1, 1715, 0),
  ('2H_DUALMACE_AVALON', 'Adept\'s Oathkeepers', 'Weapons', 'Mace', 1, 1715, 0),
  ('2H_DUALSCIMITAR_UNDEAD', 'Adept\'s Galatine Pair', 'Weapons', 'Sword', 1, 1715, 0),
  ('2H_DUALSICKLE_UNDEAD', 'Adept\'s Deathgivers', 'Weapons', 'Dagger', 1, 1715, 0),
  ('2H_DUALSWORD', 'Adept\'s Dual Swords', 'Weapons', 'Sword', 0, 1715, 0)
ON DUPLICATE KEY UPDATE `id`=`id`;

INSERT INTO `items` (`id`, `name`, `category`, `parent_tree`, `is_artifact`, `craft_fame`, `nutrition_cost`) VALUES
  ('2H_ENIGMATICORB_MORGANA', 'Adept\'s Malevolent Locus', 'Weapons', 'Arcane Staff', 1, 1715, 0),
  ('2H_ENIGMATICSTAFF', 'Adept\'s Enigmatic Staff', 'Weapons', 'Arcane Staff', 0, 1715, 0),
  ('2H_FIRESTAFF', 'Adept\'s Great Fire Staff', 'Weapons', 'Fire Staff', 0, 1715, 0),
  ('2H_FIRESTAFF_HELL', 'Adept\'s Brimstone Staff', 'Weapons', 'Fire Staff', 1, 1715, 0),
  ('2H_FIRE_RINGPAIR_AVALON', 'Adept\'s Dawnsong', 'Weapons', 'Fire Staff', 1, 1715, 0),
  ('2H_FLAIL', 'Adept\'s Morning Star', 'Weapons', 'Mace', 0, 1715, 0),
  ('2H_FROSTSTAFF', 'Adept\'s Great Frost Staff', 'Weapons', 'Frost Staff', 0, 1715, 0),
  ('2H_FROSTSTAFF_CRYSTAL', 'Adept\'s Arctic Staff', 'Weapons', 'Frost Staff', 1, 1715, 0),
  ('2H_GLACIALSTAFF', 'Adept\'s Glacial Staff', 'Weapons', 'Frost Staff', 0, 1715, 0),
  ('2H_GLAIVE', 'Adept\'s Glaive', 'Weapons', 'Spear', 0, 1715, 0),
  ('2H_GLAIVE_CRYSTAL', 'Adept\'s Rift Glaive', 'Weapons', 'Spear', 1, 1715, 0),
  ('2H_HALBERD', 'Adept\'s Halberd', 'Weapons', 'Axe', 0, 1715, 0),
  ('2H_HALBERD_MORGANA', 'Adept\'s Carrioncaller', 'Weapons', 'Axe', 1, 1715, 0),
  ('2H_HAMMER', 'Adept\'s Great Hammer', 'Weapons', 'Hammer', 0, 1715, 0),
  ('2H_HAMMER_AVALON', 'Adept\'s Hand of Justice', 'Weapons', 'Hammer', 1, 1715, 0),
  ('2H_HAMMER_CRYSTAL', 'Adept\'s Truebolt Hammer', 'Weapons', 'Hammer', 1, 1715, 0),
  ('2H_HAMMER_UNDEAD', 'Adept\'s Tombhammer', 'Weapons', 'Hammer', 1, 1715, 0),
  ('2H_HARPOON_HELL', 'Adept\'s Spirithunter', 'Weapons', 'Spear', 1, 1715, 0),
  ('2H_HOLYSTAFF', 'Adept\'s Great Holy Staff', 'Weapons', 'Holy Staff', 0, 1715, 0),
  ('2H_HOLYSTAFF_CRYSTAL', 'Adept\'s Exalted Staff', 'Weapons', 'Holy Staff', 1, 1715, 0),
  ('2H_HOLYSTAFF_HELL', 'Adept\'s Fallen Staff', 'Weapons', 'Holy Staff', 1, 1715, 0),
  ('2H_HOLYSTAFF_UNDEAD', 'Adept\'s Redemption Staff', 'Weapons', 'Holy Staff', 1, 1715, 0),
  ('2H_ICECRYSTAL_UNDEAD', 'Adept\'s Permafrost Prism', 'Weapons', 'Frost Staff', 1, 1715, 0),
  ('2H_ICEGAUNTLETS_HELL', 'Adept\'s Icicle Staff', 'Weapons', 'Frost Staff', 1, 1715, 0),
  ('2H_INFERNOSTAFF', 'Adept\'s Infernal Staff', 'Weapons', 'Fire Staff', 0, 1715, 0),
  ('2H_INFERNOSTAFF_MORGANA', 'Adept\'s Blazing Staff', 'Weapons', 'Fire Staff', 1, 1715, 0),
  ('2H_IRONCLADEDSTAFF', 'Adept\'s Iron-clad Staff', 'Weapons', 'Quarterstaff', 0, 1715, 0),
  ('2H_IRONGAUNTLETS_HELL', 'Adept\'s Black Hands', 'Weapons', 'Knuckles', 1, 1715, 0),
  ('2H_KNUCKLES_AVALON', 'Adept\'s Fists of Avalon', 'Weapons', 'Knuckles', 1, 1715, 0),
  ('2H_KNUCKLES_CRYSTAL', 'Adept\'s Forcepulse Bracers', 'Weapons', 'Knuckles', 1, 1715, 0),
  ('2H_KNUCKLES_HELL', 'Adept\'s Hellfire Hands', 'Weapons', 'Knuckles', 1, 1715, 0),
  ('2H_KNUCKLES_KEEPER', 'Adept\'s Ursine Maulers', 'Weapons', 'Knuckles', 1, 1715, 0),
  ('2H_KNUCKLES_MORGANA', 'Adept\'s Ravenstrike Cestus', 'Weapons', 'Knuckles', 1, 1715, 0),
  ('2H_KNUCKLES_SET1', 'Journeyman\'s Brawler Gloves', 'Weapons', 'Knuckles', 0, 980, 0),
  ('2H_KNUCKLES_SET2', 'Adept\'s Battle Bracers', 'Weapons', 'Knuckles', 0, 1715, 0),
  ('2H_KNUCKLES_SET3', 'Adept\'s Spiked Gauntlets', 'Weapons', 'Knuckles', 0, 1715, 0),
  ('2H_LONGBOW', 'Adept\'s Longbow', 'Weapons', 'Bow', 0, 1715, 0),
  ('2H_LONGBOW_UNDEAD', 'Adept\'s Whispering Bow', 'Weapons', 'Bow', 1, 1715, 0),
  ('2H_MACE', 'Adept\'s Heavy Mace', 'Weapons', 'Mace', 0, 1715, 0),
  ('2H_MACE_MORGANA', 'Adept\'s Camlann Mace', 'Weapons', 'Mace', 1, 1715, 0),
  ('2H_NATURESTAFF', 'Adept\'s Great Nature Staff', 'Weapons', 'Nature Staff', 0, 1715, 0),
  ('2H_NATURESTAFF_HELL', 'Adept\'s Blight Staff', 'Weapons', 'Nature Staff', 1, 1715, 0),
  ('2H_NATURESTAFF_KEEPER', 'Adept\'s Rampant Staff', 'Weapons', 'Nature Staff', 1, 1715, 0),
  ('2H_POLEHAMMER', 'Adept\'s Polehammer', 'Weapons', 'Hammer', 0, 1715, 0),
  ('2H_QUARTERSTAFF', 'Journeyman\'s Quarterstaff', 'Weapons', 'Quarterstaff', 0, 980, 0),
  ('2H_QUARTERSTAFF_AVALON', 'Adept\'s Grailseeker', 'Weapons', 'Quarterstaff', 1, 1715, 0),
  ('2H_RAM_KEEPER', 'Adept\'s Grovekeeper', 'Weapons', 'Hammer', 1, 1715, 0),
  ('2H_REPEATINGCROSSBOW_UNDEAD', 'Adept\'s Weeping Repeater', 'Weapons', 'Crossbow', 1, 1715, 0),
  ('2H_ROCKSTAFF_KEEPER', 'Adept\'s Staff of Balance', 'Weapons', 'Quarterstaff', 1, 1715, 0),
  ('2H_SCYTHE_CRYSTAL', 'Adept\'s Crystal Reaper', 'Weapons', 'Axe', 1, 1715, 0),
  ('2H_SCYTHE_HELL', 'Adept\'s Infernal Scythe', 'Weapons', 'Axe', 1, 1715, 0),
  ('2H_SKULLORB_HELL', 'Adept\'s Cursed Skull', 'Weapons', 'Curse Staff', 1, 1715, 0),
  ('2H_SPEAR', 'Adept\'s Pike', 'Weapons', 'Spear', 0, 1715, 0),
  ('2H_TRIDENT_UNDEAD', 'Adept\'s Trinity Spear', 'Weapons', 'Spear', 1, 1715, 0),
  ('2H_TWINSCYTHE_HELL', 'Adept\'s Soulscythe', 'Weapons', 'Quarterstaff', 1, 1715, 0),
  ('2H_WARBOW', 'Adept\'s Warbow', 'Weapons', 'Bow', 0, 1715, 0),
  ('2H_WILDSTAFF', 'Adept\'s Wild Staff', 'Weapons', 'Nature Staff', 0, 1715, 0),
  ('MAIN_1HCROSSBOW', 'Adept\'s Light Crossbow', 'Weapons', 'Crossbow', 0, 1286, 0),
  ('MAIN_ARCANESTAFF', 'Journeyman\'s Arcane Staff', 'Weapons', 'Arcane Staff', 0, 735, 0),
  ('MAIN_ARCANESTAFF_UNDEAD', 'Adept\'s Witchwork Staff', 'Weapons', 'Arcane Staff', 1, 1286, 0),
  ('MAIN_AXE', 'Journeyman\'s Battleaxe', 'Weapons', 'Axe', 0, 735, 0),
  ('MAIN_CURSEDSTAFF', 'Journeyman\'s Cursed Staff', 'Weapons', 'Curse Staff', 0, 735, 0),
  ('MAIN_CURSEDSTAFF_AVALON', 'Adept\'s Shadowcaller', 'Weapons', 'Curse Staff', 1, 1286, 0),
  ('MAIN_CURSEDSTAFF_CRYSTAL', 'Adept\'s Rotcaller Staff', 'Weapons', 'Curse Staff', 1, 1286, 0),
  ('MAIN_CURSEDSTAFF_UNDEAD', 'Adept\'s Lifecurse Staff', 'Weapons', 'Curse Staff', 1, 1286, 0),
  ('MAIN_DAGGER', 'Journeyman\'s Dagger', 'Weapons', 'Dagger', 0, 735, 0),
  ('MAIN_DAGGER_HELL', 'Adept\'s Demonfang', 'Weapons', 'Dagger', 1, 1286, 0),
  ('MAIN_FIRESTAFF', 'Novice\'s Fire Staff', 'Weapons', 'Fire Staff', 0, 420, 0),
  ('MAIN_FIRESTAFF_CRYSTAL', 'Adept\'s Flamewalker Staff', 'Weapons', 'Fire Staff', 1, 1286, 0),
  ('MAIN_FIRESTAFF_KEEPER', 'Adept\'s Wildfire Staff', 'Weapons', 'Fire Staff', 1, 1286, 0),
  ('MAIN_FROSTSTAFF', 'Journeyman\'s Frost Staff', 'Weapons', 'Frost Staff', 0, 735, 0),
  ('MAIN_FROSTSTAFF_AVALON', 'Adept\'s Chillhowl', 'Weapons', 'Frost Staff', 1, 1286, 0),
  ('MAIN_FROSTSTAFF_KEEPER', 'Adept\'s Hoarfrost Staff', 'Weapons', 'Frost Staff', 1, 1286, 0),
  ('MAIN_HAMMER', 'Journeyman\'s Hammer', 'Weapons', 'Hammer', 0, 735, 0),
  ('MAIN_HOLYSTAFF', 'Journeyman\'s Holy Staff', 'Weapons', 'Holy Staff', 0, 735, 0),
  ('MAIN_HOLYSTAFF_AVALON', 'Adept\'s Hallowfall', 'Weapons', 'Holy Staff', 1, 1286, 0),
  ('MAIN_HOLYSTAFF_MORGANA', 'Adept\'s Lifetouch Staff', 'Weapons', 'Holy Staff', 1, 1286, 0),
  ('MAIN_MACE', 'Journeyman\'s Mace', 'Weapons', 'Mace', 0, 735, 0),
  ('MAIN_MACE_CRYSTAL', 'Adept\'s Dreadstorm Monarch', 'Weapons', 'Mace', 1, 1286, 0),
  ('MAIN_MACE_HELL', 'Adept\'s Incubus Mace', 'Weapons', 'Mace', 1, 1286, 0),
  ('MAIN_NATURESTAFF', 'Journeyman\'s Nature Staff', 'Weapons', 'Nature Staff', 0, 735, 0),
  ('MAIN_NATURESTAFF_AVALON', 'Adept\'s Ironroot Staff', 'Weapons', 'Nature Staff', 1, 1286, 0),
  ('MAIN_NATURESTAFF_CRYSTAL', 'Adept\'s Forgebark Staff', 'Weapons', 'Nature Staff', 1, 1286, 0),
  ('MAIN_NATURESTAFF_KEEPER', 'Adept\'s Druidic Staff', 'Weapons', 'Nature Staff', 1, 1286, 0),
  ('MAIN_RAPIER_MORGANA', 'Adept\'s Bloodletter', 'Weapons', 'Dagger', 1, 1286, 0),
  ('MAIN_ROCKMACE_KEEPER', 'Adept\'s Bedrock Mace', 'Weapons', 'Mace', 1, 1286, 0),
  ('MAIN_SCIMITAR_MORGANA', 'Adept\'s Clarent Blade', 'Weapons', 'Sword', 1, 1286, 0),
  ('MAIN_SPEAR', 'Journeyman\'s Spear', 'Weapons', 'Spear', 0, 735, 0),
  ('MAIN_SPEAR_KEEPER', 'Adept\'s Heron Spear', 'Weapons', 'Spear', 1, 1286, 0),
  ('MAIN_SPEAR_LANCE_AVALON', 'Adept\'s Daybreaker', 'Weapons', 'Spear', 1, 1286, 0),
  ('MAIN_SWORD', 'Beginner\'s Broadsword', 'Weapons', 'Sword', 0, 0, 0),
  ('MAIN_SWORD_CRYSTAL', 'Adept\'s Infinity Blade', 'Weapons', 'Sword', 1, 1286, 0)
ON DUPLICATE KEY UPDATE `id`=`id`;

-- ================================================================
-- 3. RECIPES
-- ================================================================

INSERT INTO `recipes` (`item_id`, `material_id`, `quantity`) VALUES
  ('2H_ARCANESTAFF', 'METALBAR', 12),
  ('2H_ARCANESTAFF', 'PLANKS', 20),
  ('2H_ARCANESTAFF_CRYSTAL', 'ARTEFACT_2H_ARCANESTAFF_CRYSTAL', 1),
  ('2H_ARCANESTAFF_CRYSTAL', 'METALBAR', 12),
  ('2H_ARCANESTAFF_CRYSTAL', 'PLANKS', 20),
  ('2H_ARCANESTAFF_HELL', 'ARTEFACT_2H_ARCANESTAFF_HELL', 1),
  ('2H_ARCANESTAFF_HELL', 'METALBAR', 12),
  ('2H_ARCANESTAFF_HELL', 'PLANKS', 20),
  ('2H_ARCANE_RINGPAIR_AVALON', 'ARTEFACT_2H_ARCANE_RINGPAIR_AVALON', 1),
  ('2H_ARCANE_RINGPAIR_AVALON', 'METALBAR', 12),
  ('2H_ARCANE_RINGPAIR_AVALON', 'PLANKS', 20),
  ('2H_AXE', 'METALBAR', 20),
  ('2H_AXE', 'PLANKS', 12),
  ('2H_AXE_AVALON', 'ARTEFACT_2H_AXE_AVALON', 1),
  ('2H_AXE_AVALON', 'METALBAR', 20),
  ('2H_AXE_AVALON', 'PLANKS', 12),
  ('2H_BOW', 'PLANKS', 32),
  ('2H_BOW_AVALON', 'ARTEFACT_2H_BOW_AVALON', 1),
  ('2H_BOW_AVALON', 'PLANKS', 32),
  ('2H_BOW_CRYSTAL', 'ARTEFACT_2H_BOW_CRYSTAL', 1),
  ('2H_BOW_CRYSTAL', 'PLANKS', 32),
  ('2H_BOW_HELL', 'ARTEFACT_2H_BOW_HELL', 1),
  ('2H_BOW_HELL', 'PLANKS', 32),
  ('2H_BOW_KEEPER', 'ARTEFACT_2H_BOW_KEEPER', 1),
  ('2H_BOW_KEEPER', 'PLANKS', 32),
  ('2H_CLAWPAIR', 'LEATHER', 20),
  ('2H_CLAWPAIR', 'METALBAR', 12),
  ('2H_CLAYMORE', 'LEATHER', 12),
  ('2H_CLAYMORE', 'METALBAR', 20),
  ('2H_CLAYMORE_AVALON', 'ARTEFACT_2H_CLAYMORE_AVALON', 1),
  ('2H_CLAYMORE_AVALON', 'LEATHER', 12),
  ('2H_CLAYMORE_AVALON', 'METALBAR', 20),
  ('2H_CLEAVER_HELL', 'ARTEFACT_2H_CLEAVER_HELL', 1),
  ('2H_CLEAVER_HELL', 'LEATHER', 12),
  ('2H_CLEAVER_HELL', 'METALBAR', 20),
  ('2H_COMBATSTAFF_MORGANA', 'ARTEFACT_2H_COMBATSTAFF_MORGANA', 1),
  ('2H_COMBATSTAFF_MORGANA', 'LEATHER', 20),
  ('2H_COMBATSTAFF_MORGANA', 'METALBAR', 12),
  ('2H_CROSSBOW', 'METALBAR', 12),
  ('2H_CROSSBOW', 'PLANKS', 20),
  ('2H_CROSSBOWLARGE', 'METALBAR', 12),
  ('2H_CROSSBOWLARGE', 'PLANKS', 20),
  ('2H_CROSSBOWLARGE_MORGANA', 'ARTEFACT_2H_CROSSBOWLARGE_MORGANA', 1),
  ('2H_CROSSBOWLARGE_MORGANA', 'METALBAR', 12),
  ('2H_CROSSBOWLARGE_MORGANA', 'PLANKS', 20),
  ('2H_CROSSBOW_CANNON_AVALON', 'ARTEFACT_2H_CROSSBOW_CANNON_AVALON', 1),
  ('2H_CROSSBOW_CANNON_AVALON', 'METALBAR', 12),
  ('2H_CROSSBOW_CANNON_AVALON', 'PLANKS', 20),
  ('2H_CURSEDSTAFF', 'METALBAR', 12),
  ('2H_CURSEDSTAFF', 'PLANKS', 20),
  ('2H_CURSEDSTAFF_MORGANA', 'ARTEFACT_2H_CURSEDSTAFF_MORGANA', 1),
  ('2H_CURSEDSTAFF_MORGANA', 'METALBAR', 12),
  ('2H_CURSEDSTAFF_MORGANA', 'PLANKS', 20),
  ('2H_DAGGERPAIR', 'LEATHER', 16),
  ('2H_DAGGERPAIR', 'METALBAR', 16),
  ('2H_DAGGERPAIR_CRYSTAL', 'ARTEFACT_2H_DAGGERPAIR_CRYSTAL', 1),
  ('2H_DAGGERPAIR_CRYSTAL', 'LEATHER', 16),
  ('2H_DAGGERPAIR_CRYSTAL', 'METALBAR', 16),
  ('2H_DAGGER_KATAR_AVALON', 'ARTEFACT_2H_DAGGER_KATAR_AVALON', 1),
  ('2H_DAGGER_KATAR_AVALON', 'LEATHER', 20),
  ('2H_DAGGER_KATAR_AVALON', 'METALBAR', 12),
  ('2H_DEMONICSTAFF', 'METALBAR', 12),
  ('2H_DEMONICSTAFF', 'PLANKS', 20),
  ('2H_DIVINESTAFF', 'CLOTH', 12),
  ('2H_DIVINESTAFF', 'PLANKS', 20),
  ('2H_DOUBLEBLADEDSTAFF', 'LEATHER', 20),
  ('2H_DOUBLEBLADEDSTAFF', 'METALBAR', 12),
  ('2H_DOUBLEBLADEDSTAFF_CRYSTAL', 'ARTEFACT_2H_DOUBLEBLADEDSTAFF_CRYSTAL', 1),
  ('2H_DOUBLEBLADEDSTAFF_CRYSTAL', 'LEATHER', 20),
  ('2H_DOUBLEBLADEDSTAFF_CRYSTAL', 'METALBAR', 12),
  ('2H_DUALAXE_KEEPER', 'ARTEFACT_2H_DUALAXE_KEEPER', 1),
  ('2H_DUALAXE_KEEPER', 'METALBAR', 20),
  ('2H_DUALAXE_KEEPER', 'PLANKS', 12),
  ('2H_DUALCROSSBOW_CRYSTAL', 'ARTEFACT_2H_DUALCROSSBOW_CRYSTAL', 1),
  ('2H_DUALCROSSBOW_CRYSTAL', 'METALBAR', 12),
  ('2H_DUALCROSSBOW_CRYSTAL', 'PLANKS', 20),
  ('2H_DUALCROSSBOW_HELL', 'ARTEFACT_2H_DUALCROSSBOW_HELL', 1),
  ('2H_DUALCROSSBOW_HELL', 'METALBAR', 12),
  ('2H_DUALCROSSBOW_HELL', 'PLANKS', 20),
  ('2H_DUALHAMMER_HELL', 'ARTEFACT_2H_DUALHAMMER_HELL', 1),
  ('2H_DUALHAMMER_HELL', 'CLOTH', 12),
  ('2H_DUALHAMMER_HELL', 'METALBAR', 20),
  ('2H_DUALMACE_AVALON', 'ARTEFACT_2H_DUALMACE_AVALON', 1),
  ('2H_DUALMACE_AVALON', 'CLOTH', 12),
  ('2H_DUALMACE_AVALON', 'METALBAR', 20),
  ('2H_DUALSCIMITAR_UNDEAD', 'ARTEFACT_2H_DUALSCIMITAR_UNDEAD', 1),
  ('2H_DUALSCIMITAR_UNDEAD', 'LEATHER', 12),
  ('2H_DUALSCIMITAR_UNDEAD', 'METALBAR', 20),
  ('2H_DUALSICKLE_UNDEAD', 'ARTEFACT_2H_DUALSICKLE_UNDEAD', 1),
  ('2H_DUALSICKLE_UNDEAD', 'LEATHER', 16),
  ('2H_DUALSICKLE_UNDEAD', 'METALBAR', 16),
  ('2H_DUALSWORD', 'LEATHER', 12),
  ('2H_DUALSWORD', 'METALBAR', 20),
  ('2H_ENIGMATICORB_MORGANA', 'ARTEFACT_2H_ENIGMATICORB_MORGANA', 1),
  ('2H_ENIGMATICORB_MORGANA', 'METALBAR', 12),
  ('2H_ENIGMATICORB_MORGANA', 'PLANKS', 20),
  ('2H_ENIGMATICSTAFF', 'METALBAR', 12),
  ('2H_ENIGMATICSTAFF', 'PLANKS', 20),
  ('2H_FIRESTAFF', 'METALBAR', 12),
  ('2H_FIRESTAFF', 'PLANKS', 20),
  ('2H_FIRESTAFF_HELL', 'ARTEFACT_2H_FIRESTAFF_HELL', 1),
  ('2H_FIRESTAFF_HELL', 'METALBAR', 12),
  ('2H_FIRESTAFF_HELL', 'PLANKS', 20),
  ('2H_FIRE_RINGPAIR_AVALON', 'ARTEFACT_2H_FIRE_RINGPAIR_AVALON', 1),
  ('2H_FIRE_RINGPAIR_AVALON', 'METALBAR', 12),
  ('2H_FIRE_RINGPAIR_AVALON', 'PLANKS', 20),
  ('2H_FLAIL', 'CLOTH', 12),
  ('2H_FLAIL', 'METALBAR', 20),
  ('2H_FROSTSTAFF', 'METALBAR', 12),
  ('2H_FROSTSTAFF', 'PLANKS', 20),
  ('2H_FROSTSTAFF_CRYSTAL', 'ARTEFACT_2H_FROSTSTAFF_CRYSTAL', 1),
  ('2H_FROSTSTAFF_CRYSTAL', 'METALBAR', 12),
  ('2H_FROSTSTAFF_CRYSTAL', 'PLANKS', 20),
  ('2H_GLACIALSTAFF', 'METALBAR', 12),
  ('2H_GLACIALSTAFF', 'PLANKS', 20),
  ('2H_GLAIVE', 'METALBAR', 20),
  ('2H_GLAIVE', 'PLANKS', 12),
  ('2H_GLAIVE_CRYSTAL', 'ARTEFACT_2H_GLAIVE_CRYSTAL', 1),
  ('2H_GLAIVE_CRYSTAL', 'METALBAR', 20),
  ('2H_GLAIVE_CRYSTAL', 'PLANKS', 12),
  ('2H_HALBERD', 'METALBAR', 12),
  ('2H_HALBERD', 'PLANKS', 20),
  ('2H_HALBERD_MORGANA', 'ARTEFACT_2H_HALBERD_MORGANA', 1),
  ('2H_HALBERD_MORGANA', 'METALBAR', 12),
  ('2H_HALBERD_MORGANA', 'PLANKS', 20),
  ('2H_HAMMER', 'CLOTH', 12),
  ('2H_HAMMER', 'METALBAR', 20),
  ('2H_HAMMER_AVALON', 'ARTEFACT_2H_HAMMER_AVALON', 1),
  ('2H_HAMMER_AVALON', 'CLOTH', 12),
  ('2H_HAMMER_AVALON', 'METALBAR', 20),
  ('2H_HAMMER_CRYSTAL', 'ARTEFACT_2H_HAMMER_CRYSTAL', 1),
  ('2H_HAMMER_CRYSTAL', 'CLOTH', 12),
  ('2H_HAMMER_CRYSTAL', 'METALBAR', 20),
  ('2H_HAMMER_UNDEAD', 'ARTEFACT_2H_HAMMER_UNDEAD', 1),
  ('2H_HAMMER_UNDEAD', 'CLOTH', 12),
  ('2H_HAMMER_UNDEAD', 'METALBAR', 20),
  ('2H_HARPOON_HELL', 'ARTEFACT_2H_HARPOON_HELL', 1),
  ('2H_HARPOON_HELL', 'METALBAR', 12),
  ('2H_HARPOON_HELL', 'PLANKS', 20),
  ('2H_HOLYSTAFF', 'CLOTH', 12),
  ('2H_HOLYSTAFF', 'PLANKS', 20),
  ('2H_HOLYSTAFF_CRYSTAL', 'ARTEFACT_2H_HOLYSTAFF_CRYSTAL', 1),
  ('2H_HOLYSTAFF_CRYSTAL', 'CLOTH', 12),
  ('2H_HOLYSTAFF_CRYSTAL', 'PLANKS', 20),
  ('2H_HOLYSTAFF_HELL', 'ARTEFACT_2H_HOLYSTAFF_HELL', 1),
  ('2H_HOLYSTAFF_HELL', 'CLOTH', 12),
  ('2H_HOLYSTAFF_HELL', 'PLANKS', 20),
  ('2H_HOLYSTAFF_UNDEAD', 'ARTEFACT_2H_HOLYSTAFF_UNDEAD', 1),
  ('2H_HOLYSTAFF_UNDEAD', 'CLOTH', 12),
  ('2H_HOLYSTAFF_UNDEAD', 'PLANKS', 20),
  ('2H_ICECRYSTAL_UNDEAD', 'ARTEFACT_2H_ICECRYSTAL_UNDEAD', 1),
  ('2H_ICECRYSTAL_UNDEAD', 'METALBAR', 12),
  ('2H_ICECRYSTAL_UNDEAD', 'PLANKS', 20),
  ('2H_ICEGAUNTLETS_HELL', 'ARTEFACT_2H_ICEGAUNTLETS_HELL', 1),
  ('2H_ICEGAUNTLETS_HELL', 'METALBAR', 12),
  ('2H_ICEGAUNTLETS_HELL', 'PLANKS', 20),
  ('2H_INFERNOSTAFF', 'METALBAR', 12),
  ('2H_INFERNOSTAFF', 'PLANKS', 20),
  ('2H_INFERNOSTAFF_MORGANA', 'ARTEFACT_2H_INFERNOSTAFF_MORGANA', 1),
  ('2H_INFERNOSTAFF_MORGANA', 'METALBAR', 12),
  ('2H_INFERNOSTAFF_MORGANA', 'PLANKS', 20),
  ('2H_IRONCLADEDSTAFF', 'LEATHER', 20),
  ('2H_IRONCLADEDSTAFF', 'METALBAR', 12),
  ('2H_IRONGAUNTLETS_HELL', 'ARTEFACT_2H_IRONGAUNTLETS_HELL', 1),
  ('2H_IRONGAUNTLETS_HELL', 'LEATHER', 20),
  ('2H_IRONGAUNTLETS_HELL', 'METALBAR', 12),
  ('2H_KNUCKLES_AVALON', 'ARTEFACT_2H_KNUCKLES_AVALON', 1),
  ('2H_KNUCKLES_AVALON', 'LEATHER', 20),
  ('2H_KNUCKLES_AVALON', 'METALBAR', 12),
  ('2H_KNUCKLES_CRYSTAL', 'ARTEFACT_2H_KNUCKLES_CRYSTAL', 1),
  ('2H_KNUCKLES_CRYSTAL', 'LEATHER', 20),
  ('2H_KNUCKLES_CRYSTAL', 'METALBAR', 12),
  ('2H_KNUCKLES_HELL', 'ARTEFACT_2H_KNUCKLES_HELL', 1),
  ('2H_KNUCKLES_HELL', 'LEATHER', 20),
  ('2H_KNUCKLES_HELL', 'METALBAR', 12),
  ('2H_KNUCKLES_KEEPER', 'ARTEFACT_2H_KNUCKLES_KEEPER', 1),
  ('2H_KNUCKLES_KEEPER', 'LEATHER', 20),
  ('2H_KNUCKLES_KEEPER', 'METALBAR', 12),
  ('2H_KNUCKLES_MORGANA', 'ARTEFACT_2H_KNUCKLES_MORGANA', 1),
  ('2H_KNUCKLES_MORGANA', 'LEATHER', 20),
  ('2H_KNUCKLES_MORGANA', 'METALBAR', 12),
  ('2H_KNUCKLES_SET1', 'LEATHER', 20),
  ('2H_KNUCKLES_SET1', 'METALBAR', 12),
  ('2H_KNUCKLES_SET2', 'LEATHER', 20),
  ('2H_KNUCKLES_SET2', 'METALBAR', 12),
  ('2H_KNUCKLES_SET3', 'LEATHER', 20),
  ('2H_KNUCKLES_SET3', 'METALBAR', 12),
  ('2H_LONGBOW', 'PLANKS', 32),
  ('2H_LONGBOW_UNDEAD', 'ARTEFACT_2H_LONGBOW_UNDEAD', 1),
  ('2H_LONGBOW_UNDEAD', 'PLANKS', 32),
  ('2H_MACE', 'CLOTH', 12),
  ('2H_MACE', 'METALBAR', 20),
  ('2H_MACE_MORGANA', 'ARTEFACT_2H_MACE_MORGANA', 1),
  ('2H_MACE_MORGANA', 'CLOTH', 12),
  ('2H_MACE_MORGANA', 'METALBAR', 20),
  ('2H_NATURESTAFF', 'CLOTH', 12),
  ('2H_NATURESTAFF', 'PLANKS', 20),
  ('2H_NATURESTAFF_HELL', 'ARTEFACT_2H_NATURESTAFF_HELL', 1),
  ('2H_NATURESTAFF_HELL', 'CLOTH', 12),
  ('2H_NATURESTAFF_HELL', 'PLANKS', 20)
ON DUPLICATE KEY UPDATE `item_id`=`item_id`;

INSERT INTO `recipes` (`item_id`, `material_id`, `quantity`) VALUES
  ('2H_NATURESTAFF_KEEPER', 'ARTEFACT_2H_NATURESTAFF_KEEPER', 1),
  ('2H_NATURESTAFF_KEEPER', 'CLOTH', 12),
  ('2H_NATURESTAFF_KEEPER', 'PLANKS', 20),
  ('2H_POLEHAMMER', 'CLOTH', 12),
  ('2H_POLEHAMMER', 'METALBAR', 20),
  ('2H_QUARTERSTAFF', 'LEATHER', 20),
  ('2H_QUARTERSTAFF', 'METALBAR', 12),
  ('2H_QUARTERSTAFF_AVALON', 'ARTEFACT_2H_QUARTERSTAFF_AVALON', 1),
  ('2H_QUARTERSTAFF_AVALON', 'LEATHER', 20),
  ('2H_QUARTERSTAFF_AVALON', 'METALBAR', 12),
  ('2H_RAM_KEEPER', 'ARTEFACT_2H_RAM_KEEPER', 1),
  ('2H_RAM_KEEPER', 'CLOTH', 12),
  ('2H_RAM_KEEPER', 'METALBAR', 20),
  ('2H_REPEATINGCROSSBOW_UNDEAD', 'ARTEFACT_2H_REPEATINGCROSSBOW_UNDEAD', 1),
  ('2H_REPEATINGCROSSBOW_UNDEAD', 'METALBAR', 12),
  ('2H_REPEATINGCROSSBOW_UNDEAD', 'PLANKS', 20),
  ('2H_ROCKSTAFF_KEEPER', 'ARTEFACT_2H_ROCKSTAFF_KEEPER', 1),
  ('2H_ROCKSTAFF_KEEPER', 'LEATHER', 20),
  ('2H_ROCKSTAFF_KEEPER', 'METALBAR', 12),
  ('2H_SCYTHE_CRYSTAL', 'ARTEFACT_2H_SCYTHE_CRYSTAL', 1),
  ('2H_SCYTHE_CRYSTAL', 'METALBAR', 20),
  ('2H_SCYTHE_CRYSTAL', 'PLANKS', 12),
  ('2H_SCYTHE_HELL', 'ARTEFACT_2H_SCYTHE_HELL', 1),
  ('2H_SCYTHE_HELL', 'METALBAR', 20),
  ('2H_SCYTHE_HELL', 'PLANKS', 12),
  ('2H_SKULLORB_HELL', 'ARTEFACT_2H_SKULLORB_HELL', 1),
  ('2H_SKULLORB_HELL', 'METALBAR', 12),
  ('2H_SKULLORB_HELL', 'PLANKS', 20),
  ('2H_SPEAR', 'METALBAR', 12),
  ('2H_SPEAR', 'PLANKS', 20),
  ('2H_TRIDENT_UNDEAD', 'ARTEFACT_2H_TRIDENT_UNDEAD', 1),
  ('2H_TRIDENT_UNDEAD', 'METALBAR', 12),
  ('2H_TRIDENT_UNDEAD', 'PLANKS', 20),
  ('2H_TWINSCYTHE_HELL', 'ARTEFACT_2H_TWINSCYTHE_HELL', 1),
  ('2H_TWINSCYTHE_HELL', 'LEATHER', 20),
  ('2H_TWINSCYTHE_HELL', 'METALBAR', 12),
  ('2H_WARBOW', 'PLANKS', 32),
  ('2H_WILDSTAFF', 'CLOTH', 12),
  ('2H_WILDSTAFF', 'PLANKS', 20),
  ('ARMOR_CLOTH_AVALON', 'ARTEFACT_ARMOR_CLOTH_AVALON', 1),
  ('ARMOR_CLOTH_AVALON', 'CLOTH', 16),
  ('ARMOR_CLOTH_FEY', 'ARTEFACT_ARMOR_CLOTH_FEY', 1),
  ('ARMOR_CLOTH_FEY', 'CLOTH', 16),
  ('ARMOR_CLOTH_HELL', 'ARTEFACT_ARMOR_CLOTH_HELL', 1),
  ('ARMOR_CLOTH_HELL', 'CLOTH', 16),
  ('ARMOR_CLOTH_KEEPER', 'ARTEFACT_ARMOR_CLOTH_KEEPER', 1),
  ('ARMOR_CLOTH_KEEPER', 'CLOTH', 16),
  ('ARMOR_CLOTH_MORGANA', 'ARTEFACT_ARMOR_CLOTH_MORGANA', 1),
  ('ARMOR_CLOTH_MORGANA', 'CLOTH', 16),
  ('ARMOR_CLOTH_PROTOTYPE', 'CLOTH', 16),
  ('ARMOR_CLOTH_ROYAL', 'ARMOR_CLOTH_SET1', 1),
  ('ARMOR_CLOTH_ROYAL', 'QUESTITEM_TOKEN_ROYAL_T4', 4),
  ('ARMOR_CLOTH_ROYAL', 'QUESTITEM_TOKEN_ROYAL_T5', 8),
  ('ARMOR_CLOTH_ROYAL', 'QUESTITEM_TOKEN_ROYAL_T6', 16),
  ('ARMOR_CLOTH_ROYAL', 'QUESTITEM_TOKEN_ROYAL_T7', 16),
  ('ARMOR_CLOTH_ROYAL', 'QUESTITEM_TOKEN_ROYAL_T8', 16),
  ('ARMOR_CLOTH_SET1', 'CLOTH', 16),
  ('ARMOR_CLOTH_SET2', 'CLOTH', 16),
  ('ARMOR_CLOTH_SET3', 'CLOTH', 16),
  ('ARMOR_LEATHER_AVALON', 'ARTEFACT_ARMOR_LEATHER_AVALON', 1),
  ('ARMOR_LEATHER_AVALON', 'LEATHER', 16),
  ('ARMOR_LEATHER_FEY', 'ARTEFACT_ARMOR_LEATHER_FEY', 1),
  ('ARMOR_LEATHER_FEY', 'LEATHER', 16),
  ('ARMOR_LEATHER_HELL', 'ARTEFACT_ARMOR_LEATHER_HELL', 1),
  ('ARMOR_LEATHER_HELL', 'LEATHER', 16),
  ('ARMOR_LEATHER_MORGANA', 'ARTEFACT_ARMOR_LEATHER_MORGANA', 1),
  ('ARMOR_LEATHER_MORGANA', 'LEATHER', 16),
  ('ARMOR_LEATHER_PROTOTYPE', 'LEATHER', 16),
  ('ARMOR_LEATHER_ROYAL', 'ARMOR_LEATHER_SET1', 1),
  ('ARMOR_LEATHER_ROYAL', 'QUESTITEM_TOKEN_ROYAL_T4', 4),
  ('ARMOR_LEATHER_ROYAL', 'QUESTITEM_TOKEN_ROYAL_T5', 8),
  ('ARMOR_LEATHER_ROYAL', 'QUESTITEM_TOKEN_ROYAL_T6', 16),
  ('ARMOR_LEATHER_ROYAL', 'QUESTITEM_TOKEN_ROYAL_T7', 16),
  ('ARMOR_LEATHER_ROYAL', 'QUESTITEM_TOKEN_ROYAL_T8', 16),
  ('ARMOR_LEATHER_SET1', 'HIDE', 8),
  ('ARMOR_LEATHER_SET1', 'LEATHER', 16),
  ('ARMOR_LEATHER_SET2', 'LEATHER', 16),
  ('ARMOR_LEATHER_SET3', 'LEATHER', 16),
  ('ARMOR_LEATHER_UNDEAD', 'ARTEFACT_ARMOR_LEATHER_UNDEAD', 1),
  ('ARMOR_LEATHER_UNDEAD', 'LEATHER', 16),
  ('ARMOR_PLATE_AVALON', 'ARTEFACT_ARMOR_PLATE_AVALON', 1),
  ('ARMOR_PLATE_AVALON', 'METALBAR', 16),
  ('ARMOR_PLATE_FEY', 'ARTEFACT_ARMOR_PLATE_FEY', 1),
  ('ARMOR_PLATE_FEY', 'METALBAR', 16),
  ('ARMOR_PLATE_HELL', 'ARTEFACT_ARMOR_PLATE_HELL', 1),
  ('ARMOR_PLATE_HELL', 'METALBAR', 16),
  ('ARMOR_PLATE_KEEPER', 'ARTEFACT_ARMOR_PLATE_KEEPER', 1),
  ('ARMOR_PLATE_KEEPER', 'METALBAR', 16),
  ('ARMOR_PLATE_PROTOTYPE', 'METALBAR', 16),
  ('ARMOR_PLATE_ROYAL', 'ARMOR_PLATE_SET1', 1),
  ('ARMOR_PLATE_ROYAL', 'QUESTITEM_TOKEN_ROYAL_T4', 4),
  ('ARMOR_PLATE_ROYAL', 'QUESTITEM_TOKEN_ROYAL_T5', 8),
  ('ARMOR_PLATE_ROYAL', 'QUESTITEM_TOKEN_ROYAL_T6', 16),
  ('ARMOR_PLATE_ROYAL', 'QUESTITEM_TOKEN_ROYAL_T7', 16),
  ('ARMOR_PLATE_ROYAL', 'QUESTITEM_TOKEN_ROYAL_T8', 16),
  ('ARMOR_PLATE_SET1', 'METALBAR', 16),
  ('ARMOR_PLATE_SET2', 'METALBAR', 16),
  ('ARMOR_PLATE_SET3', 'METALBAR', 16),
  ('ARMOR_PLATE_UNDEAD', 'ARTEFACT_ARMOR_PLATE_UNDEAD', 1),
  ('ARMOR_PLATE_UNDEAD', 'METALBAR', 16),
  ('HEAD_CLOTH_AVALON', 'ARTEFACT_HEAD_CLOTH_AVALON', 1),
  ('HEAD_CLOTH_AVALON', 'CLOTH', 8),
  ('HEAD_CLOTH_FEY', 'ARTEFACT_HEAD_CLOTH_FEY', 1),
  ('HEAD_CLOTH_FEY', 'CLOTH', 8),
  ('HEAD_CLOTH_HELL', 'ARTEFACT_HEAD_CLOTH_HELL', 1),
  ('HEAD_CLOTH_HELL', 'CLOTH', 8),
  ('HEAD_CLOTH_KEEPER', 'ARTEFACT_HEAD_CLOTH_KEEPER', 1),
  ('HEAD_CLOTH_KEEPER', 'CLOTH', 8),
  ('HEAD_CLOTH_MORGANA', 'ARTEFACT_HEAD_CLOTH_MORGANA', 1),
  ('HEAD_CLOTH_MORGANA', 'CLOTH', 8),
  ('HEAD_CLOTH_PROTOTYPE', 'CLOTH', 8),
  ('HEAD_CLOTH_ROYAL', 'HEAD_CLOTH_SET1', 1),
  ('HEAD_CLOTH_ROYAL', 'QUESTITEM_TOKEN_ROYAL_T4', 2),
  ('HEAD_CLOTH_ROYAL', 'QUESTITEM_TOKEN_ROYAL_T5', 4),
  ('HEAD_CLOTH_ROYAL', 'QUESTITEM_TOKEN_ROYAL_T6', 8),
  ('HEAD_CLOTH_ROYAL', 'QUESTITEM_TOKEN_ROYAL_T7', 8),
  ('HEAD_CLOTH_ROYAL', 'QUESTITEM_TOKEN_ROYAL_T8', 8),
  ('HEAD_CLOTH_SET1', 'CLOTH', 8),
  ('HEAD_CLOTH_SET2', 'CLOTH', 8),
  ('HEAD_CLOTH_SET3', 'CLOTH', 8),
  ('HEAD_LEATHER_AVALON', 'ARTEFACT_HEAD_LEATHER_AVALON', 1),
  ('HEAD_LEATHER_AVALON', 'LEATHER', 8),
  ('HEAD_LEATHER_FEY', 'ARTEFACT_HEAD_LEATHER_FEY', 1),
  ('HEAD_LEATHER_FEY', 'LEATHER', 8),
  ('HEAD_LEATHER_HELL', 'ARTEFACT_HEAD_LEATHER_HELL', 1),
  ('HEAD_LEATHER_HELL', 'LEATHER', 8),
  ('HEAD_LEATHER_MORGANA', 'ARTEFACT_HEAD_LEATHER_MORGANA', 1),
  ('HEAD_LEATHER_MORGANA', 'LEATHER', 8),
  ('HEAD_LEATHER_PROTOTYPE', 'LEATHER', 8),
  ('HEAD_LEATHER_ROYAL', 'HEAD_LEATHER_SET1', 1),
  ('HEAD_LEATHER_ROYAL', 'QUESTITEM_TOKEN_ROYAL_T4', 2),
  ('HEAD_LEATHER_ROYAL', 'QUESTITEM_TOKEN_ROYAL_T5', 4),
  ('HEAD_LEATHER_ROYAL', 'QUESTITEM_TOKEN_ROYAL_T6', 8),
  ('HEAD_LEATHER_ROYAL', 'QUESTITEM_TOKEN_ROYAL_T7', 8),
  ('HEAD_LEATHER_ROYAL', 'QUESTITEM_TOKEN_ROYAL_T8', 8),
  ('HEAD_LEATHER_SET1', 'HIDE', 4),
  ('HEAD_LEATHER_SET1', 'LEATHER', 8),
  ('HEAD_LEATHER_SET2', 'LEATHER', 8),
  ('HEAD_LEATHER_SET3', 'LEATHER', 8),
  ('HEAD_LEATHER_UNDEAD', 'ARTEFACT_HEAD_LEATHER_UNDEAD', 1),
  ('HEAD_LEATHER_UNDEAD', 'LEATHER', 8),
  ('HEAD_PLATE_AVALON', 'ARTEFACT_HEAD_PLATE_AVALON', 1),
  ('HEAD_PLATE_AVALON', 'METALBAR', 8),
  ('HEAD_PLATE_FEY', 'ARTEFACT_HEAD_PLATE_FEY', 1),
  ('HEAD_PLATE_FEY', 'METALBAR', 8),
  ('HEAD_PLATE_HELL', 'ARTEFACT_HEAD_PLATE_HELL', 1),
  ('HEAD_PLATE_HELL', 'METALBAR', 8),
  ('HEAD_PLATE_KEEPER', 'ARTEFACT_HEAD_PLATE_KEEPER', 1),
  ('HEAD_PLATE_KEEPER', 'METALBAR', 8),
  ('HEAD_PLATE_PROTOTYPE', 'METALBAR', 8),
  ('HEAD_PLATE_ROYAL', 'HEAD_PLATE_SET1', 1),
  ('HEAD_PLATE_ROYAL', 'QUESTITEM_TOKEN_ROYAL_T4', 2),
  ('HEAD_PLATE_ROYAL', 'QUESTITEM_TOKEN_ROYAL_T5', 4),
  ('HEAD_PLATE_ROYAL', 'QUESTITEM_TOKEN_ROYAL_T6', 8),
  ('HEAD_PLATE_ROYAL', 'QUESTITEM_TOKEN_ROYAL_T7', 8),
  ('HEAD_PLATE_ROYAL', 'QUESTITEM_TOKEN_ROYAL_T8', 8),
  ('HEAD_PLATE_SET1', 'METALBAR', 8),
  ('HEAD_PLATE_SET2', 'METALBAR', 8),
  ('HEAD_PLATE_SET3', 'METALBAR', 8),
  ('HEAD_PLATE_UNDEAD', 'ARTEFACT_HEAD_PLATE_UNDEAD', 1),
  ('HEAD_PLATE_UNDEAD', 'METALBAR', 8),
  ('MAIN_1HCROSSBOW', 'METALBAR', 8),
  ('MAIN_1HCROSSBOW', 'PLANKS', 16),
  ('MAIN_ARCANESTAFF', 'METALBAR', 8),
  ('MAIN_ARCANESTAFF', 'PLANKS', 16),
  ('MAIN_ARCANESTAFF_UNDEAD', 'ARTEFACT_MAIN_ARCANESTAFF_UNDEAD', 1),
  ('MAIN_ARCANESTAFF_UNDEAD', 'METALBAR', 8),
  ('MAIN_ARCANESTAFF_UNDEAD', 'PLANKS', 16),
  ('MAIN_AXE', 'METALBAR', 16),
  ('MAIN_AXE', 'PLANKS', 8),
  ('MAIN_CURSEDSTAFF', 'METALBAR', 8),
  ('MAIN_CURSEDSTAFF', 'PLANKS', 16),
  ('MAIN_CURSEDSTAFF_AVALON', 'ARTEFACT_MAIN_CURSEDSTAFF_AVALON', 1),
  ('MAIN_CURSEDSTAFF_AVALON', 'METALBAR', 8),
  ('MAIN_CURSEDSTAFF_AVALON', 'PLANKS', 16),
  ('MAIN_CURSEDSTAFF_CRYSTAL', 'ARTEFACT_MAIN_CURSEDSTAFF_CRYSTAL', 1),
  ('MAIN_CURSEDSTAFF_CRYSTAL', 'METALBAR', 8),
  ('MAIN_CURSEDSTAFF_CRYSTAL', 'PLANKS', 16),
  ('MAIN_CURSEDSTAFF_UNDEAD', 'ARTEFACT_MAIN_CURSEDSTAFF_UNDEAD', 1),
  ('MAIN_CURSEDSTAFF_UNDEAD', 'METALBAR', 8),
  ('MAIN_CURSEDSTAFF_UNDEAD', 'PLANKS', 16),
  ('MAIN_DAGGER', 'LEATHER', 12),
  ('MAIN_DAGGER', 'METALBAR', 12),
  ('MAIN_DAGGER_HELL', 'ARTEFACT_MAIN_DAGGER_HELL', 1),
  ('MAIN_DAGGER_HELL', 'LEATHER', 12),
  ('MAIN_DAGGER_HELL', 'METALBAR', 12),
  ('MAIN_FIRESTAFF', 'METALBAR', 8),
  ('MAIN_FIRESTAFF', 'PLANKS', 16),
  ('MAIN_FIRESTAFF_CRYSTAL', 'ARTEFACT_MAIN_FIRESTAFF_CRYSTAL', 1),
  ('MAIN_FIRESTAFF_CRYSTAL', 'METALBAR', 8),
  ('MAIN_FIRESTAFF_CRYSTAL', 'PLANKS', 16),
  ('MAIN_FIRESTAFF_KEEPER', 'ARTEFACT_MAIN_FIRESTAFF_KEEPER', 1),
  ('MAIN_FIRESTAFF_KEEPER', 'METALBAR', 8),
  ('MAIN_FIRESTAFF_KEEPER', 'PLANKS', 16),
  ('MAIN_FROSTSTAFF', 'METALBAR', 8),
  ('MAIN_FROSTSTAFF', 'PLANKS', 16),
  ('MAIN_FROSTSTAFF_AVALON', 'ARTEFACT_MAIN_FROSTSTAFF_AVALON', 1),
  ('MAIN_FROSTSTAFF_AVALON', 'METALBAR', 8),
  ('MAIN_FROSTSTAFF_AVALON', 'PLANKS', 16),
  ('MAIN_FROSTSTAFF_KEEPER', 'ARTEFACT_MAIN_FROSTSTAFF_KEEPER', 1)
ON DUPLICATE KEY UPDATE `item_id`=`item_id`;

INSERT INTO `recipes` (`item_id`, `material_id`, `quantity`) VALUES
  ('MAIN_FROSTSTAFF_KEEPER', 'METALBAR', 8),
  ('MAIN_FROSTSTAFF_KEEPER', 'PLANKS', 16),
  ('MAIN_HAMMER', 'METALBAR', 24),
  ('MAIN_HOLYSTAFF', 'CLOTH', 8),
  ('MAIN_HOLYSTAFF', 'PLANKS', 16),
  ('MAIN_HOLYSTAFF_AVALON', 'ARTEFACT_MAIN_HOLYSTAFF_AVALON', 1),
  ('MAIN_HOLYSTAFF_AVALON', 'CLOTH', 8),
  ('MAIN_HOLYSTAFF_AVALON', 'PLANKS', 16),
  ('MAIN_HOLYSTAFF_MORGANA', 'ARTEFACT_MAIN_HOLYSTAFF_MORGANA', 1),
  ('MAIN_HOLYSTAFF_MORGANA', 'CLOTH', 8),
  ('MAIN_HOLYSTAFF_MORGANA', 'PLANKS', 16),
  ('MAIN_MACE', 'CLOTH', 8),
  ('MAIN_MACE', 'METALBAR', 16),
  ('MAIN_MACE_CRYSTAL', 'ARTEFACT_MAIN_MACE_CRYSTAL', 1),
  ('MAIN_MACE_CRYSTAL', 'CLOTH', 8),
  ('MAIN_MACE_CRYSTAL', 'METALBAR', 16),
  ('MAIN_MACE_HELL', 'ARTEFACT_MAIN_MACE_HELL', 1),
  ('MAIN_MACE_HELL', 'CLOTH', 8),
  ('MAIN_MACE_HELL', 'METALBAR', 16),
  ('MAIN_NATURESTAFF', 'CLOTH', 8),
  ('MAIN_NATURESTAFF', 'PLANKS', 16),
  ('MAIN_NATURESTAFF_AVALON', 'ARTEFACT_MAIN_NATURESTAFF_AVALON', 1),
  ('MAIN_NATURESTAFF_AVALON', 'CLOTH', 8),
  ('MAIN_NATURESTAFF_AVALON', 'PLANKS', 16),
  ('MAIN_NATURESTAFF_CRYSTAL', 'ARTEFACT_MAIN_NATURESTAFF_CRYSTAL', 1),
  ('MAIN_NATURESTAFF_CRYSTAL', 'CLOTH', 8),
  ('MAIN_NATURESTAFF_CRYSTAL', 'PLANKS', 16),
  ('MAIN_NATURESTAFF_KEEPER', 'ARTEFACT_MAIN_NATURESTAFF_KEEPER', 1),
  ('MAIN_NATURESTAFF_KEEPER', 'CLOTH', 8),
  ('MAIN_NATURESTAFF_KEEPER', 'PLANKS', 16),
  ('MAIN_RAPIER_MORGANA', 'ARTEFACT_MAIN_RAPIER_MORGANA', 1),
  ('MAIN_RAPIER_MORGANA', 'LEATHER', 8),
  ('MAIN_RAPIER_MORGANA', 'METALBAR', 16),
  ('MAIN_ROCKMACE_KEEPER', 'ARTEFACT_MAIN_ROCKMACE_KEEPER', 1),
  ('MAIN_ROCKMACE_KEEPER', 'CLOTH', 8),
  ('MAIN_ROCKMACE_KEEPER', 'METALBAR', 16),
  ('MAIN_SCIMITAR_MORGANA', 'ARTEFACT_MAIN_SCIMITAR_MORGANA', 1),
  ('MAIN_SCIMITAR_MORGANA', 'LEATHER', 8),
  ('MAIN_SCIMITAR_MORGANA', 'METALBAR', 16),
  ('MAIN_SPEAR', 'METALBAR', 8),
  ('MAIN_SPEAR', 'PLANKS', 16),
  ('MAIN_SPEAR_KEEPER', 'ARTEFACT_MAIN_SPEAR_KEEPER', 1),
  ('MAIN_SPEAR_KEEPER', 'METALBAR', 8),
  ('MAIN_SPEAR_KEEPER', 'PLANKS', 16),
  ('MAIN_SPEAR_LANCE_AVALON', 'ARTEFACT_MAIN_SPEAR_LANCE_AVALON', 1),
  ('MAIN_SPEAR_LANCE_AVALON', 'METALBAR', 8),
  ('MAIN_SPEAR_LANCE_AVALON', 'PLANKS', 16),
  ('MAIN_SWORD', 'LEATHER', 8),
  ('MAIN_SWORD', 'METALBAR', 16),
  ('MAIN_SWORD', 'ROCK', 6),
  ('MAIN_SWORD', 'WOOD', 6),
  ('MAIN_SWORD_CRYSTAL', 'ARTEFACT_MAIN_SWORD_CRYSTAL', 1),
  ('MAIN_SWORD_CRYSTAL', 'LEATHER', 8),
  ('MAIN_SWORD_CRYSTAL', 'METALBAR', 16),
  ('OFF_BOOK', 'CLOTH', 4),
  ('OFF_BOOK', 'LEATHER', 4),
  ('OFF_CENSER_AVALON', 'ARTEFACT_OFF_CENSER_AVALON', 1),
  ('OFF_CENSER_AVALON', 'CLOTH', 4),
  ('OFF_CENSER_AVALON', 'LEATHER', 4),
  ('OFF_DEMONSKULL_HELL', 'ARTEFACT_OFF_DEMONSKULL_HELL', 1),
  ('OFF_DEMONSKULL_HELL', 'CLOTH', 4),
  ('OFF_DEMONSKULL_HELL', 'LEATHER', 4),
  ('OFF_HORN_KEEPER', 'ARTEFACT_OFF_HORN_KEEPER', 1),
  ('OFF_HORN_KEEPER', 'CLOTH', 4),
  ('OFF_HORN_KEEPER', 'PLANKS', 4),
  ('OFF_JESTERCANE_HELL', 'ARTEFACT_OFF_JESTERCANE_HELL', 1),
  ('OFF_JESTERCANE_HELL', 'CLOTH', 4),
  ('OFF_JESTERCANE_HELL', 'PLANKS', 4),
  ('OFF_LAMP_UNDEAD', 'ARTEFACT_OFF_LAMP_UNDEAD', 1),
  ('OFF_LAMP_UNDEAD', 'CLOTH', 4),
  ('OFF_LAMP_UNDEAD', 'PLANKS', 4),
  ('OFF_ORB_MORGANA', 'ARTEFACT_OFF_ORB_MORGANA', 1),
  ('OFF_ORB_MORGANA', 'CLOTH', 4),
  ('OFF_ORB_MORGANA', 'LEATHER', 4),
  ('OFF_SHIELD', 'METALBAR', 4),
  ('OFF_SHIELD', 'PLANKS', 4),
  ('OFF_SHIELD', 'WOOD', 4),
  ('OFF_SHIELD_AVALON', 'ARTEFACT_OFF_SHIELD_AVALON', 1),
  ('OFF_SHIELD_AVALON', 'METALBAR', 4),
  ('OFF_SHIELD_AVALON', 'PLANKS', 4),
  ('OFF_SHIELD_CRYSTAL', 'ARTEFACT_OFF_SHIELD_CRYSTAL', 1),
  ('OFF_SHIELD_CRYSTAL', 'METALBAR', 4),
  ('OFF_SHIELD_CRYSTAL', 'PLANKS', 4),
  ('OFF_SHIELD_HELL', 'ARTEFACT_OFF_SHIELD_HELL', 1),
  ('OFF_SHIELD_HELL', 'METALBAR', 4),
  ('OFF_SHIELD_HELL', 'PLANKS', 4),
  ('OFF_SPIKEDSHIELD_MORGANA', 'ARTEFACT_OFF_SPIKEDSHIELD_MORGANA', 1),
  ('OFF_SPIKEDSHIELD_MORGANA', 'METALBAR', 4),
  ('OFF_SPIKEDSHIELD_MORGANA', 'PLANKS', 4),
  ('OFF_TALISMAN_AVALON', 'ARTEFACT_OFF_TALISMAN_AVALON', 1),
  ('OFF_TALISMAN_AVALON', 'CLOTH', 4),
  ('OFF_TALISMAN_AVALON', 'PLANKS', 4),
  ('OFF_TOME_CRYSTAL', 'ARTEFACT_OFF_TOME_CRYSTAL', 1),
  ('OFF_TOME_CRYSTAL', 'CLOTH', 4),
  ('OFF_TOME_CRYSTAL', 'LEATHER', 4),
  ('OFF_TORCH', 'CLOTH', 4),
  ('OFF_TORCH', 'PLANKS', 4),
  ('OFF_TORCH_CRYSTAL', 'ARTEFACT_OFF_TORCH_CRYSTAL', 1),
  ('OFF_TORCH_CRYSTAL', 'CLOTH', 4),
  ('OFF_TORCH_CRYSTAL', 'PLANKS', 4),
  ('OFF_TOTEM_KEEPER', 'ARTEFACT_OFF_TOTEM_KEEPER', 1),
  ('OFF_TOTEM_KEEPER', 'CLOTH', 4),
  ('OFF_TOTEM_KEEPER', 'LEATHER', 4),
  ('OFF_TOWERSHIELD_UNDEAD', 'ARTEFACT_OFF_TOWERSHIELD_UNDEAD', 1),
  ('OFF_TOWERSHIELD_UNDEAD', 'METALBAR', 4),
  ('OFF_TOWERSHIELD_UNDEAD', 'PLANKS', 4),
  ('SHOES_CLOTH_AVALON', 'ARTEFACT_SHOES_CLOTH_AVALON', 1),
  ('SHOES_CLOTH_AVALON', 'CLOTH', 8),
  ('SHOES_CLOTH_FEY', 'ARTEFACT_SHOES_CLOTH_FEY', 1),
  ('SHOES_CLOTH_FEY', 'CLOTH', 8),
  ('SHOES_CLOTH_HELL', 'ARTEFACT_SHOES_CLOTH_HELL', 1),
  ('SHOES_CLOTH_HELL', 'CLOTH', 8),
  ('SHOES_CLOTH_KEEPER', 'ARTEFACT_SHOES_CLOTH_KEEPER', 1),
  ('SHOES_CLOTH_KEEPER', 'CLOTH', 8),
  ('SHOES_CLOTH_MORGANA', 'ARTEFACT_SHOES_CLOTH_MORGANA', 1),
  ('SHOES_CLOTH_MORGANA', 'CLOTH', 8),
  ('SHOES_CLOTH_PROTOTYPE', 'CLOTH', 8),
  ('SHOES_CLOTH_ROYAL', 'QUESTITEM_TOKEN_ROYAL_T4', 2),
  ('SHOES_CLOTH_ROYAL', 'QUESTITEM_TOKEN_ROYAL_T5', 4),
  ('SHOES_CLOTH_ROYAL', 'QUESTITEM_TOKEN_ROYAL_T6', 8),
  ('SHOES_CLOTH_ROYAL', 'QUESTITEM_TOKEN_ROYAL_T7', 8),
  ('SHOES_CLOTH_ROYAL', 'QUESTITEM_TOKEN_ROYAL_T8', 8),
  ('SHOES_CLOTH_ROYAL', 'SHOES_CLOTH_SET1', 1),
  ('SHOES_CLOTH_SET1', 'CLOTH', 8),
  ('SHOES_CLOTH_SET2', 'CLOTH', 8),
  ('SHOES_CLOTH_SET3', 'CLOTH', 8),
  ('SHOES_LEATHER_AVALON', 'ARTEFACT_SHOES_LEATHER_AVALON', 1),
  ('SHOES_LEATHER_AVALON', 'LEATHER', 8),
  ('SHOES_LEATHER_FEY', 'ARTEFACT_SHOES_LEATHER_FEY', 1),
  ('SHOES_LEATHER_FEY', 'LEATHER', 8),
  ('SHOES_LEATHER_HELL', 'ARTEFACT_SHOES_LEATHER_HELL', 1),
  ('SHOES_LEATHER_HELL', 'LEATHER', 8),
  ('SHOES_LEATHER_MORGANA', 'ARTEFACT_SHOES_LEATHER_MORGANA', 1),
  ('SHOES_LEATHER_MORGANA', 'LEATHER', 8),
  ('SHOES_LEATHER_PROTOTYPE', 'LEATHER', 8),
  ('SHOES_LEATHER_ROYAL', 'QUESTITEM_TOKEN_ROYAL_T4', 2),
  ('SHOES_LEATHER_ROYAL', 'QUESTITEM_TOKEN_ROYAL_T5', 4),
  ('SHOES_LEATHER_ROYAL', 'QUESTITEM_TOKEN_ROYAL_T6', 8),
  ('SHOES_LEATHER_ROYAL', 'QUESTITEM_TOKEN_ROYAL_T7', 8),
  ('SHOES_LEATHER_ROYAL', 'QUESTITEM_TOKEN_ROYAL_T8', 8),
  ('SHOES_LEATHER_ROYAL', 'SHOES_LEATHER_SET1', 1),
  ('SHOES_LEATHER_SET1', 'HIDE', 6),
  ('SHOES_LEATHER_SET1', 'LEATHER', 8),
  ('SHOES_LEATHER_SET2', 'LEATHER', 8),
  ('SHOES_LEATHER_SET3', 'LEATHER', 8),
  ('SHOES_LEATHER_UNDEAD', 'ARTEFACT_SHOES_LEATHER_UNDEAD', 1),
  ('SHOES_LEATHER_UNDEAD', 'LEATHER', 8),
  ('SHOES_PLATE_AVALON', 'ARTEFACT_SHOES_PLATE_AVALON', 1),
  ('SHOES_PLATE_AVALON', 'METALBAR', 8),
  ('SHOES_PLATE_FEY', 'ARTEFACT_SHOES_PLATE_FEY', 1),
  ('SHOES_PLATE_FEY', 'METALBAR', 8),
  ('SHOES_PLATE_HELL', 'ARTEFACT_SHOES_PLATE_HELL', 1),
  ('SHOES_PLATE_HELL', 'METALBAR', 8),
  ('SHOES_PLATE_KEEPER', 'ARTEFACT_SHOES_PLATE_KEEPER', 1),
  ('SHOES_PLATE_KEEPER', 'METALBAR', 8),
  ('SHOES_PLATE_PROTOTYPE', 'METALBAR', 8),
  ('SHOES_PLATE_ROYAL', 'QUESTITEM_TOKEN_ROYAL_T4', 2),
  ('SHOES_PLATE_ROYAL', 'QUESTITEM_TOKEN_ROYAL_T5', 4),
  ('SHOES_PLATE_ROYAL', 'QUESTITEM_TOKEN_ROYAL_T6', 8),
  ('SHOES_PLATE_ROYAL', 'QUESTITEM_TOKEN_ROYAL_T7', 8),
  ('SHOES_PLATE_ROYAL', 'QUESTITEM_TOKEN_ROYAL_T8', 8),
  ('SHOES_PLATE_ROYAL', 'SHOES_PLATE_SET1', 1),
  ('SHOES_PLATE_SET1', 'METALBAR', 8),
  ('SHOES_PLATE_SET2', 'METALBAR', 8),
  ('SHOES_PLATE_SET3', 'METALBAR', 8),
  ('SHOES_PLATE_UNDEAD', 'ARTEFACT_SHOES_PLATE_UNDEAD', 1),
  ('SHOES_PLATE_UNDEAD', 'METALBAR', 8),
  ('UNIQUE_ARMOR_FOUNDER_ELITE', 'LEATHER', 16),
  ('UNIQUE_ARMOR_FOUNDER_LEGENDARY', 'LEATHER', 16),
  ('UNIQUE_ARMOR_STARTERPACK_ELITE', 'LEATHER', 16),
  ('UNIQUE_ARMOR_STARTERPACK_LEGENDARY', 'METALBAR', 16),
  ('UNIQUE_ARMOR_VANITY_DRESS_RED', 'UNIQUE_CONSUMABLE_EVENT_WINTER_2017', 44),
  ('UNIQUE_ARMOR_VANITY_JESTER', 'LEATHER', 16),
  ('UNIQUE_ARMOR_VANITY_PLAGUEDOC', 'QUESTITEM_TOKEN_EVENT_HALLOWEEN_2017', 40),
  ('UNIQUE_ARMOR_VANITY_RICH_NOBLE', 'UNIQUE_CONSUMABLE_EVENT_WINTER_2017', 275),
  ('UNIQUE_ARMOR_VANITY_RICH_NOBLE_PURPLE', 'UNIQUE_CONSUMABLE_EVENT_WINTER_2017', 275),
  ('UNIQUE_ARMOR_VANITY_SANTACLAUS', 'UNIQUE_CONSUMABLE_EVENT_WINTER_2017', 275),
  ('UNIQUE_ARMOR_VANITY_SKELETON', 'QUESTITEM_TOKEN_EVENT_HALLOWEEN_2017', 200),
  ('UNIQUE_HEAD_FOUNDER_ELITE', 'LEATHER', 8),
  ('UNIQUE_HEAD_FOUNDER_LEGENDARY', 'LEATHER', 8),
  ('UNIQUE_HEAD_STARTERPACK_ELITE', 'LEATHER', 8),
  ('UNIQUE_HEAD_STARTERPACK_LEGENDARY', 'METALBAR', 8),
  ('UNIQUE_HEAD_VANITY_DRESS_RED', 'UNIQUE_CONSUMABLE_EVENT_WINTER_2017', 33),
  ('UNIQUE_HEAD_VANITY_JESTER', 'LEATHER', 8),
  ('UNIQUE_HEAD_VANITY_PLAGUEDOC', 'QUESTITEM_TOKEN_EVENT_HALLOWEEN_2017', 30),
  ('UNIQUE_HEAD_VANITY_PUMPKIN_01', 'QUESTITEM_TOKEN_EVENT_HALLOWEEN_2017', 40),
  ('UNIQUE_HEAD_VANITY_PUMPKIN_02', 'QUESTITEM_TOKEN_EVENT_HALLOWEEN_2017', 40),
  ('UNIQUE_HEAD_VANITY_PUMPKIN_03', 'QUESTITEM_TOKEN_EVENT_HALLOWEEN_2017', 40),
  ('UNIQUE_HEAD_VANITY_RICH_NOBLE', 'UNIQUE_CONSUMABLE_EVENT_WINTER_2017', 220),
  ('UNIQUE_HEAD_VANITY_RICH_NOBLE_PURPLE', 'UNIQUE_CONSUMABLE_EVENT_WINTER_2017', 220),
  ('UNIQUE_HEAD_VANITY_SANTACLAUS', 'UNIQUE_CONSUMABLE_EVENT_WINTER_2017', 220),
  ('UNIQUE_HEAD_VANITY_SKELETON', 'QUESTITEM_TOKEN_EVENT_HALLOWEEN_2017', 250),
  ('UNIQUE_HEAD_XMAS', 'LEATHER', 8),
  ('UNIQUE_INTERNAL_ARMOR_GAMEMASTER', 'LEATHER', 16),
  ('UNIQUE_INTERNAL_HEAD_GAMEMASTER', 'LEATHER', 8),
  ('UNIQUE_INTERNAL_OFF_SCROLL_GAMEMASTER', 'CLOTH', 4),
  ('UNIQUE_INTERNAL_OFF_SCROLL_GAMEMASTER', 'PLANKS', 4),
  ('UNIQUE_INTERNAL_SHOES_GAMEMASTER', 'LEATHER', 8),
  ('UNIQUE_SHOES_FOUNDER_ELITE', 'LEATHER', 8),
  ('UNIQUE_SHOES_FOUNDER_LEGENDARY', 'LEATHER', 8)
ON DUPLICATE KEY UPDATE `item_id`=`item_id`;

INSERT INTO `recipes` (`item_id`, `material_id`, `quantity`) VALUES
  ('UNIQUE_SHOES_RUBBERBANDING', 'HIDE', 6),
  ('UNIQUE_SHOES_STARTERPACK_ELITE', 'LEATHER', 8),
  ('UNIQUE_SHOES_STARTERPACK_LEGENDARY', 'METALBAR', 8),
  ('UNIQUE_SHOES_VANITY_DRESS_RED', 'UNIQUE_CONSUMABLE_EVENT_WINTER_2017', 33),
  ('UNIQUE_SHOES_VANITY_JESTER', 'LEATHER', 8),
  ('UNIQUE_SHOES_VANITY_PLAGUEDOC', 'QUESTITEM_TOKEN_EVENT_HALLOWEEN_2017', 30),
  ('UNIQUE_SHOES_VANITY_RICH_NOBLE', 'UNIQUE_CONSUMABLE_EVENT_WINTER_2017', 165),
  ('UNIQUE_SHOES_VANITY_RICH_NOBLE_PURPLE', 'UNIQUE_CONSUMABLE_EVENT_WINTER_2017', 165),
  ('UNIQUE_SHOES_VANITY_SANTACLAUS', 'UNIQUE_CONSUMABLE_EVENT_WINTER_2017', 165),
  ('UNIQUE_SHOES_VANITY_SKELETON', 'QUESTITEM_TOKEN_EVENT_HALLOWEEN_2017', 150),
  ('UNIQUE_WEAPONMASTER_ARMOR_PROTOTYPE', 'METALBAR', 1),
  ('UNIQUE_WEAPONMASTER_HEAD_PROTOTYPE', 'METALBAR', 1),
  ('UNIQUE_WEAPONMASTER_SHOES_PROTOTYPE', 'METALBAR', 1)
ON DUPLICATE KEY UPDATE `item_id`=`item_id`;

SET FOREIGN_KEY_CHECKS = 1;

-- ================================================================
-- Done. 164 materials, 292 items, 613 recipe rows.
-- ================================================================
